driverId,driverRef,number,code,forename,surname,dob,nationality,country,url
1,hamilton,44,HAM,Lewis,Hamilton,31054,British,United Kingdom,http://en.wikipedia.org/wiki/Lewis_Hamilton
2,heidfeld,\N,HEI,Nick,Heidfeld,28255,German,Germany,http://en.wikipedia.org/wiki/Nick_Heidfeld
3,rosberg,6,ROS,Nico,Rosberg,31225,German,Germany,http://en.wikipedia.org/wiki/Nico_Rosberg
4,alonso,14,ALO,Fernando,Alonso,29796,Spanish,Spain,http://en.wikipedia.org/wiki/Fernando_Alonso
5,kovalainen,\N,KOV,Heikki,Kovalainen,29878,Finnish,Finland,http://en.wikipedia.org/wiki/Heikki_Kovalainen
6,nakajima,\N,NAK,Kazuki,Nakajima,31058,Japanese,Japan,http://en.wikipedia.org/wiki/Kazuki_Nakajima
7,bourdais,\N,BOU,Sébastien,Bourdais,28914,French,France,http://en.wikipedia.org/wiki/S%C3%A9bastien_Bourdais
8,raikkonen,7,RAI,Kimi,Räikkönen,29145,Finnish,Finland,http://en.wikipedia.org/wiki/Kimi_R%C3%A4ikk%C3%B6nen
9,kubica,88,KUB,Robert,Kubica,31023,Polish,Poland,http://en.wikipedia.org/wiki/Robert_Kubica
10,glock,\N,GLO,Timo,Glock,30028,German,Germany,http://en.wikipedia.org/wiki/Timo_Glock
11,sato,\N,SAT,Takuma,Sato,28153,Japanese,Japan,http://en.wikipedia.org/wiki/Takuma_Sato
12,piquet_jr,\N,PIQ,Nelson,Piquet Jr.,31253,Brazilian,Brazil,http://en.wikipedia.org/wiki/Nelson_Piquet,_Jr.
13,massa,19,MAS,Felipe,Massa,29701,Brazilian,Brazil,http://en.wikipedia.org/wiki/Felipe_Massa
14,coulthard,\N,COU,David,Coulthard,26019,British,United Kingdom,http://en.wikipedia.org/wiki/David_Coulthard
15,trulli,\N,TRU,Jarno,Trulli,27223,Italian,Italy,http://en.wikipedia.org/wiki/Jarno_Trulli
16,sutil,99,SUT,Adrian,Sutil,30327,German,Germany,http://en.wikipedia.org/wiki/Adrian_Sutil
17,webber,\N,WEB,Mark,Webber,27999,Australian,Australia,http://en.wikipedia.org/wiki/Mark_Webber
18,button,22,BUT,Jenson,Button,29239,British,United Kingdom,http://en.wikipedia.org/wiki/Jenson_Button
19,davidson,\N,DAV,Anthony,Davidson,28963,British,United Kingdom,http://en.wikipedia.org/wiki/Anthony_Davidson
20,vettel,5,VET,Sebastian,Vettel,31961,German,Germany,http://en.wikipedia.org/wiki/Sebastian_Vettel
21,fisichella,\N,FIS,Giancarlo,Fisichella,26678,Italian,Italy,http://en.wikipedia.org/wiki/Giancarlo_Fisichella
22,barrichello,\N,BAR,Rubens,Barrichello,26442,Brazilian,Brazil,http://en.wikipedia.org/wiki/Rubens_Barrichello
23,ralf_schumacher,\N,SCH,Ralf,Schumacher,27575,German,Germany,http://en.wikipedia.org/wiki/Ralf_Schumacher
24,liuzzi,\N,LIU,Vitantonio,Liuzzi,29439,Italian,Italy,http://en.wikipedia.org/wiki/Vitantonio_Liuzzi
25,wurz,\N,WUR,Alexander,Wurz,27075,Austrian,Austria,http://en.wikipedia.org/wiki/Alexander_Wurz
26,speed,\N,SPE,Scott,Speed,30340,American,United States ,http://en.wikipedia.org/wiki/Scott_Speed
27,albers,\N,ALB,Christijan,Albers,28961,Dutch,Netherlands,http://en.wikipedia.org/wiki/Christijan_Albers
28,markus_winkelhock,\N,WIN,Markus,Winkelhock,29385,German,Germany,http://en.wikipedia.org/wiki/Markus_Winkelhock
29,yamamoto,\N,YAM,Sakon,Yamamoto,30141,Japanese,Japan,http://en.wikipedia.org/wiki/Sakon_Yamamoto
30,michael_schumacher,\N,MSC,Michael,Schumacher,25206,German,Germany,http://en.wikipedia.org/wiki/Michael_Schumacher
31,montoya,\N,MON,Juan,Pablo Montoya,27657,Colombian,Colombia,http://en.wikipedia.org/wiki/Juan_Pablo_Montoya
32,klien,\N,KLI,Christian,Klien,30354,Austrian,Austria,http://en.wikipedia.org/wiki/Christian_Klien
33,monteiro,\N,TMO,Tiago,Monteiro,27965,Portuguese,Portugal,http://en.wikipedia.org/wiki/Tiago_Monteiro
34,ide,\N,IDE,Yuji,Ide,27415,Japanese,Japan,http://en.wikipedia.org/wiki/Yuji_Ide
35,villeneuve,\N,VIL,Jacques,Villeneuve,26032,Canadian,Canada,http://en.wikipedia.org/wiki/Jacques_Villeneuve
36,montagny,\N,FMO,Franck,Montagny,28495,French,France,http://en.wikipedia.org/wiki/Franck_Montagny
37,rosa,\N,DLR,Pedro,de la Rosa,25988,Spanish,Spain,http://en.wikipedia.org/wiki/Pedro_de_la_Rosa
38,doornbos,\N,DOO,Robert,Doornbos,29852,Dutch,Netherlands,http://en.wikipedia.org/wiki/Robert_Doornbos
39,karthikeyan,\N,KAR,Narain,Karthikeyan,28139,Indian,India,http://en.wikipedia.org/wiki/Narain_Karthikeyan
40,friesacher,\N,FRI,Patrick,Friesacher,29490,Austrian,Austria,http://en.wikipedia.org/wiki/Patrick_Friesacher
41,zonta,\N,ZON,Ricardo,Zonta,27842,Brazilian,Brazil,http://en.wikipedia.org/wiki/Ricardo_Zonta
42,pizzonia,\N,PIZ,Antônio,Pizzonia,29475,Brazilian,Brazil,http://en.wikipedia.org/wiki/Ant%C3%B4nio_Pizzonia
43,matta,\N,\N,Cristiano,da Matta,26926,Brazilian,Brazil,http://en.wikipedia.org/wiki/Cristiano_da_Matta
44,panis,\N,\N,Olivier,Panis,24352,French,France,http://en.wikipedia.org/wiki/Olivier_Panis
45,pantano,\N,\N,Giorgio,Pantano,28890,Italian,Italy,http://en.wikipedia.org/wiki/Giorgio_Pantano
46,bruni,\N,\N,Gianmaria,Bruni,29736,Italian,Italy,http://en.wikipedia.org/wiki/Gianmaria_Bruni
47,baumgartner,\N,\N,Zsolt,Baumgartner,29587,Hungarian,Hungary,http://en.wikipedia.org/wiki/Zsolt_Baumgartner
48,gene,\N,\N,Marc,Gené,27117,Spanish,Spain,http://en.wikipedia.org/wiki/Marc_Gen%C3%A9
49,frentzen,\N,\N,Heinz-Harald,Frentzen,24610,German,Germany,http://en.wikipedia.org/wiki/Heinz-Harald_Frentzen
50,verstappen,\N,\N,Jos,Verstappen,26362,Dutch,Netherlands,http://en.wikipedia.org/wiki/Jos_Verstappen
51,wilson,\N,\N,Justin,Wilson,28702,British,United Kingdom,http://en.wikipedia.org/wiki/Justin_Wilson_(racing_driver)
52,firman,\N,\N,Ralph,Firman,27534,Irish,Ireland,http://en.wikipedia.org/wiki/Ralph_Firman
53,kiesa,\N,\N,Nicolas,Kiesa,28552,Danish,Denmark,http://en.wikipedia.org/wiki/Nicolas_Kiesa
54,burti,\N,\N,Luciano,Burti,27458,Brazilian,Brazil,http://en.wikipedia.org/wiki/Luciano_Burti
55,alesi,\N,\N,Jean,Alesi,23539,French,France,http://en.wikipedia.org/wiki/Jean_Alesi
56,irvine,\N,\N,Eddie,Irvine,24056,British,United Kingdom,http://en.wikipedia.org/wiki/Eddie_Irvine
57,hakkinen,\N,\N,Mika,Häkkinen,25109,Finnish,Finland,http://en.wikipedia.org/wiki/Mika_H%C3%A4kkinen
58,marques,\N,\N,Tarso,Marques,27778,Brazilian,Brazil,http://en.wikipedia.org/wiki/Tarso_Marques
59,bernoldi,\N,\N,Enrique,Bernoldi,28782,Brazilian,Brazil,http://en.wikipedia.org/wiki/Enrique_Bernoldi
60,mazzacane,\N,\N,Gastón,Mazzacane,27522,Argentine,Argentina,http://en.wikipedia.org/wiki/Gast%C3%B3n_Mazzacane
61,enge,\N,\N,Tomáš,Enge,28014,Czech,Czech Republic,http://en.wikipedia.org/wiki/Tom%C3%A1%C5%A1_Enge
62,yoong,\N,\N,Alex,Yoong,27961,Malaysian,Malaysia,http://en.wikipedia.org/wiki/Alex_Yoong
63,salo,\N,\N,Mika,Salo,24441,Finnish,Finland,http://en.wikipedia.org/wiki/Mika_Salo
64,diniz,\N,\N,Pedro,Diniz,25710,Brazilian,Brazil,http://en.wikipedia.org/wiki/Pedro_Diniz
65,herbert,\N,\N,Johnny,Herbert,23553,British,United Kingdom,http://en.wikipedia.org/wiki/Johnny_Herbert
66,mcnish,\N,\N,Allan,McNish,25566,British,United Kingdom,http://en.wikipedia.org/wiki/Allan_McNish
67,buemi,\N,BUE,Sébastien,Buemi,32447,Swiss,Switzerland,http://en.wikipedia.org/wiki/S%C3%A9bastien_Buemi
68,takagi,\N,\N,Toranosuke,Takagi,27072,Japanese,Japan,http://en.wikipedia.org/wiki/Toranosuke_Takagi
69,badoer,\N,BAD,Luca,Badoer,25958,Italian,Italy,http://en.wikipedia.org/wiki/Luca_Badoer
70,zanardi,\N,\N,Alessandro,Zanardi,24403,Italian,Italy,http://en.wikipedia.org/wiki/Alex_Zanardi
71,damon_hill,\N,\N,Damon,Hill,22176,British,United Kingdom,http://en.wikipedia.org/wiki/Damon_Hill
72,sarrazin,\N,\N,Stéphane,Sarrazin,27700,French,France,http://en.wikipedia.org/wiki/St%C3%A9phane_Sarrazin
73,rosset,\N,\N,Ricardo,Rosset,25046,Brazilian,Brazil,http://en.wikipedia.org/wiki/Ricardo_Rosset
74,tuero,\N,\N,Esteban,Tuero,28602,Argentine,Argentina,http://en.wikipedia.org/wiki/Esteban_Tuero
75,nakano,\N,\N,Shinji,Nakano,26024,Japanese,Japan,http://en.wikipedia.org/wiki/Shinji_Nakano
76,magnussen,\N,MAG,Jan,Magnussen,26849,Danish,Denmark,http://en.wikipedia.org/wiki/Jan_Magnussen
77,berger,\N,\N,Gerhard,Berger,21789,Austrian,Austria,http://en.wikipedia.org/wiki/Gerhard_Berger
78,larini,\N,\N,Nicola,Larini,23455,Italian,Italy,http://en.wikipedia.org/wiki/Nicola_Larini
79,katayama,\N,\N,Ukyo,Katayama,23160,Japanese,Japan,http://en.wikipedia.org/wiki/Ukyo_Katayama
80,sospiri,\N,\N,Vincenzo,Sospiri,24387,Italian,Italy,http://en.wikipedia.org/wiki/Vincenzo_Sospiri
81,morbidelli,\N,\N,Gianni,Morbidelli,24850,Italian,Italy,http://en.wikipedia.org/wiki/Gianni_Morbidelli
82,fontana,\N,\N,Norberto,Fontana,27414,Argentine,Argentina,http://en.wikipedia.org/wiki/Norberto_Fontana
83,lamy,\N,\N,Pedro,Lamy,26378,Portuguese,Portugal,http://en.wikipedia.org/wiki/Pedro_Lamy
84,brundle,\N,\N,Martin,Brundle,21702,British,United Kingdom,http://en.wikipedia.org/wiki/Martin_Brundle
85,montermini,\N,\N,Andrea,Montermini,23527,Italian,Italy,http://en.wikipedia.org/wiki/Andrea_Montermini
86,lavaggi,\N,\N,Giovanni,Lavaggi,21234,Italian,Italy,http://en.wikipedia.org/wiki/Giovanni_Lavaggi
87,blundell,\N,\N,Mark,Blundell,24205,British,United Kingdom,http://en.wikipedia.org/wiki/Mark_Blundell
88,suzuki,\N,\N,Aguri,Suzuki,22167,Japanese,Japan,http://en.wikipedia.org/wiki/Aguri_Suzuki
89,inoue,\N,\N,Taki,Inoue,23259,Japanese,Japan,http://en.wikipedia.org/wiki/Taki_Inoue
90,moreno,\N,\N,Roberto,Moreno,21592,Brazilian,Brazil,http://en.wikipedia.org/wiki/Roberto_Moreno
91,wendlinger,\N,\N,Karl,Wendlinger,25192,Austrian,Austria,http://en.wikipedia.org/wiki/Karl_Wendlinger
92,gachot,\N,\N,Bertrand,Gachot,23003,Belgian,Belgium,http://en.wikipedia.org/wiki/Bertrand_Gachot
93,schiattarella,\N,\N,Domenico,Schiattarella,24793,Italian,Italy,http://en.wikipedia.org/wiki/Domenico_Schiattarella
94,martini,\N,\N,Pierluigi,Martini,22394,Italian,Italy,http://en.wikipedia.org/wiki/Pierluigi_Martini
95,mansell,\N,\N,Nigel,Mansell,19579,British,United Kingdom,http://en.wikipedia.org/wiki/Nigel_Mansell
96,boullion,\N,\N,Jean-Christophe,Boullion,25564,French,France,http://en.wikipedia.org/wiki/Jean-Christophe_Boullion
97,papis,\N,\N,Massimiliano,Papis,25479,Italian,Italy,http://en.wikipedia.org/wiki/Massimiliano_Papis
98,deletraz,\N,\N,Jean-Denis,Délétraz,23285,Swiss,Switzerland,http://en.wikipedia.org/wiki/Jean-Denis_Deletraz
99,tarquini,\N,\N,Gabriele,Tarquini,22707,Italian,Italy,http://en.wikipedia.org/wiki/Gabriele_Tarquini
100,comas,\N,\N,Érik,Comas,23282,French,France,http://en.wikipedia.org/wiki/%C3%89rik_Comas
101,brabham,\N,\N,David,Brabham,23990,Australian,Australia,http://en.wikipedia.org/wiki/David_Brabham
102,senna,\N,\N,Ayrton,Senna,21996,Brazilian,Brazil,http://en.wikipedia.org/wiki/Ayrton_Senna
103,bernard,\N,\N,Éric,Bernard,23613,French,France,http://en.wikipedia.org/wiki/%C3%89ric_Bernard
104,fittipaldi,\N,\N,Christian,Fittipaldi,25951,Brazilian,Brazil,http://en.wikipedia.org/wiki/Christian_Fittipaldi
105,alboreto,\N,\N,Michele,Alboreto,20812,Italian,Italy,http://en.wikipedia.org/wiki/Michele_Alboreto
106,beretta,\N,\N,Olivier,Beretta,25530,Monegasque,Monaco,http://en.wikipedia.org/wiki/Olivier_Beretta
107,ratzenberger,\N,\N,Roland,Ratzenberger,22101,Austrian,Austria,http://en.wikipedia.org/wiki/Roland_Ratzenberger
108,belmondo,\N,\N,Paul,Belmondo,23124,French,France,http://en.wikipedia.org/wiki/Paul_Belmondo
109,lehto,\N,\N,Jyrki,Järvilehto,24138,Finnish,Finland,http://en.wikipedia.org/wiki/Jyrki_J%C3%A4rvilehto
110,cesaris,\N,\N,Andrea,de Cesaris,21701,Italian,Italy,http://en.wikipedia.org/wiki/Andrea_de_Cesaris
111,gounon,\N,\N,Jean-Marc,Gounon,23012,French,France,http://en.wikipedia.org/wiki/Jean-Marc_Gounon
112,alliot,\N,\N,Philippe,Alliot,19932,French,France,http://en.wikipedia.org/wiki/Philippe_Alliot
113,adams,\N,\N,Philippe,Adams,25526,Belgian,Belgium,http://en.wikipedia.org/wiki/Philippe_Adams
114,dalmas,\N,\N,Yannick,Dalmas,22490,French,France,http://en.wikipedia.org/wiki/Yannick_Dalmas
115,noda,\N,\N,Hideki,Noda,25269,Japanese,Japan,http://en.wikipedia.org/wiki/Hideki_Noda
116,lagorce,\N,\N,Franck,Lagorce,25082,French,France,http://en.wikipedia.org/wiki/Franck_Lagorce
117,prost,\N,\N,Alain,Prost,20144,French,France,http://en.wikipedia.org/wiki/Alain_Prost
118,warwick,\N,\N,Derek,Warwick,19963,British,United Kingdom,http://en.wikipedia.org/wiki/Derek_Warwick
119,patrese,\N,\N,Riccardo,Patrese,19831,Italian,Italy,http://en.wikipedia.org/wiki/Riccardo_Patrese
120,barbazza,\N,\N,Fabrizio,Barbazza,23103,Italian,Italy,http://en.wikipedia.org/wiki/Fabrizio_Barbazza
121,andretti,\N,\N,Michael,Andretti,22924,American,United States ,http://en.wikipedia.org/wiki/Michael_Andretti
122,capelli,\N,\N,Ivan,Capelli,23155,Italian,Italy,http://en.wikipedia.org/wiki/Ivan_Capelli
123,boutsen,\N,\N,Thierry,Boutsen,21014,Belgian,Belgium,http://en.wikipedia.org/wiki/Thierry_Boutsen
124,apicella,\N,\N,Marco,Apicella,24022,Italian,Italy,http://en.wikipedia.org/wiki/Marco_Apicella
125,naspetti,\N,\N,Emanuele,Naspetti,24892,Italian,Italy,http://en.wikipedia.org/wiki/Emanuele_Naspetti
126,toshio_suzuki,\N,\N,Toshio,Suzuki,20158,Japanese,Japan,http://en.wikipedia.org/wiki/Toshio_Suzuki_(driver)
127,gugelmin,\N,\N,Maurício,Gugelmin,23121,Brazilian,Brazil,http://en.wikipedia.org/wiki/Maur%C3%ADcio_Gugelmin
128,poele,\N,\N,Eric,van de Poele,22554,Belgian,Belgium,http://en.wikipedia.org/wiki/Eric_van_de_Poele
129,grouillard,\N,\N,Olivier,Grouillard,21430,French,France,http://en.wikipedia.org/wiki/Olivier_Grouillard
130,chiesa,\N,\N,Andrea,Chiesa,23503,Swiss,Switzerland,http://en.wikipedia.org/wiki/Andrea_Chiesa
131,modena,\N,\N,Stefano,Modena,23143,Italian,Italy,http://en.wikipedia.org/wiki/Stefano_Modena
132,amati,\N,\N,Giovanna,Amati,21751,Italian,Italy,http://en.wikipedia.org/wiki/Giovanna_Amati
133,caffi,\N,\N,Alex,Caffi,23454,Italian,Italy,http://en.wikipedia.org/wiki/Alex_Caffi
134,bertaggia,\N,\N,Enrico,Bertaggia,23639,Italian,Italy,http://en.wikipedia.org/wiki/Enrico_Bertaggia
135,mccarthy,\N,\N,Perry,McCarthy,22343,British,United Kingdom,http://en.wikipedia.org/wiki/Perry_McCarthy
136,lammers,\N,\N,Jan,Lammers,20608,Dutch,Netherlands,http://en.wikipedia.org/wiki/Jan_Lammers
137,piquet,\N,\N,Nelson,Piquet,19223,Brazilian,Brazil,http://en.wikipedia.org/wiki/Nelson_Piquet
138,satoru_nakajima,\N,\N,Satoru,Nakajima,19413,Japanese,Japan,http://en.wikipedia.org/wiki/Satoru_Nakajima
139,pirro,\N,\N,Emanuele,Pirro,22658,Italian,Italy,http://en.wikipedia.org/wiki/Emanuele_Pirro
140,johansson,\N,\N,Stefan,Johansson,20706,Swedish,Sweden,http://en.wikipedia.org/wiki/Stefan_Johansson
141,bailey,\N,\N,Julian,Bailey,22563,British,United Kingdom,http://en.wikipedia.org/wiki/Julian_Bailey
142,chaves,\N,\N,Pedro,Chaves,23800,Portuguese,Portugal,http://en.wikipedia.org/wiki/Pedro_Chaves
143,bartels,\N,\N,Michael,Bartels,24905,German,Germany,http://en.wikipedia.org/wiki/Michael_Bartels
144,hattori,\N,\N,Naoki,Hattori,24271,Japanese,Japan,http://en.wikipedia.org/wiki/Naoki_Hattori
145,nannini,\N,\N,Alessandro,Nannini,21738,Italian,Italy,http://en.wikipedia.org/wiki/Alessandro_Nannini
146,schneider,\N,\N,Bernd,Schneider,23578,German,Germany,http://en.wikipedia.org/wiki/Bernd_Schneider_(racecar_driver)
147,barilla,\N,\N,Paolo,Barilla,22391,Italian,Italy,http://en.wikipedia.org/wiki/Paolo_Barilla
148,foitek,\N,\N,Gregor,Foitek,23828,Swiss,Switzerland,http://en.wikipedia.org/wiki/Gregor_Foitek
149,langes,\N,\N,Claudio,Langes,22117,Italian,Italy,http://en.wikipedia.org/wiki/Claudio_Langes
150,gary_brabham,\N,\N,Gary,Brabham,22369,Australian,Australia,http://en.wikipedia.org/wiki/Gary_Brabham
151,donnelly,\N,\N,Martin,Donnelly,23462,British,United Kingdom,http://en.wikipedia.org/wiki/Martin_Donnelly_(racing_driver)
152,giacomelli,\N,\N,Bruno,Giacomelli,19247,Italian,Italy,http://en.wikipedia.org/wiki/Bruno_Giacomelli
153,alguersuari,\N,ALG,Jaime,Alguersuari,32955,Spanish,Spain,http://en.wikipedia.org/wiki/Jaime_Alguersuari
154,grosjean,8,GRO,Romain,Grosjean,31519,French,France,http://en.wikipedia.org/wiki/Romain_Grosjean
155,kobayashi,10,KOB,Kamui,Kobayashi,31668,Japanese,Japan,http://en.wikipedia.org/wiki/Kamui_Kobayashi
156,palmer,\N,\N,Jonathan,Palmer,20766,British,United Kingdom,http://en.wikipedia.org/wiki/Jonathan_Palmer
157,danner,\N,\N,Christian,Danner,21279,German,Germany,http://en.wikipedia.org/wiki/Christian_Danner
158,cheever,\N,\N,Eddie,Cheever,21195,American,United States ,http://en.wikipedia.org/wiki/Eddie_Cheever
159,sala,\N,\N,Luis,Pérez-Sala,21685,Spanish,Spain,http://en.wikipedia.org/wiki/Luis_Perez-Sala
160,ghinzani,\N,\N,Piercarlo,Ghinzani,19009,Italian,Italy,http://en.wikipedia.org/wiki/Piercarlo_Ghinzani
161,weidler,\N,\N,Volker,Weidler,22723,German,Germany,http://en.wikipedia.org/wiki/Volker_Weidler
162,raphanel,\N,\N,Pierre-Henri,Raphanel,22428,French,France,http://en.wikipedia.org/wiki/Pierre-Henri_Raphanel
163,arnoux,\N,\N,René,Arnoux,17718,French,France,http://en.wikipedia.org/wiki/Ren%C3%A9_Arnoux
164,joachim_winkelhock,\N,\N,Joachim,Winkelhock,22213,German,Germany,http://en.wikipedia.org/wiki/Joachim_Winkelhock
165,larrauri,\N,\N,Oscar,Larrauri,19955,Argentine,Argentina,http://en.wikipedia.org/wiki/Oscar_Larrauri
166,streiff,\N,\N,Philippe,Streiff,20266,French,France,http://en.wikipedia.org/wiki/Philippe_Streiff
167,campos,\N,\N,Adrián,Campos,22084,Spanish,Spain,http://en.wikipedia.org/wiki/Adri%C3%A1n_Campos
168,schlesser,\N,\N,Jean-Louis,Schlesser,17788,French,France,http://en.wikipedia.org/wiki/Jean-Louis_Schlesser
169,fabre,\N,\N,Pascal,Fabre,21924,French,France,http://en.wikipedia.org/wiki/Pascal_Fabre
170,fabi,\N,\N,Teo,Fabi,20157,Italian,Italy,http://en.wikipedia.org/wiki/Teo_Fabi
171,forini,\N,\N,Franco,Forini,21450,Swiss,Switzerland,http://en.wikipedia.org/wiki/Franco_Forini
172,laffite,\N,\N,Jacques,Laffite,16031,French,France,http://en.wikipedia.org/wiki/Jacques_Laffite
173,angelis,\N,\N,Elio,de Angelis,21270,Italian,Italy,http://en.wikipedia.org/wiki/Elio_de_Angelis
174,dumfries,\N,\N,Johnny,Dumfries,21301,British,United Kingdom,http://en.wikipedia.org/wiki/Johnny_Dumfries
175,tambay,\N,\N,Patrick,Tambay,18074,French,France,http://en.wikipedia.org/wiki/Patrick_Tambay
176,surer,\N,\N,Marc,Surer,18889,Swiss,Switzerland,http://en.wikipedia.org/wiki/Marc_Surer
177,keke_rosberg,\N,\N,Keke,Rosberg,17873,Finnish,Finland,http://en.wikipedia.org/wiki/Keke_Rosberg
178,jones,\N,\N,Alan,Jones,17108,Australian,Australia,http://en.wikipedia.org/wiki/Alan_Jones_(Formula_1)
179,rothengatter,\N,\N,Huub,Rothengatter,20005,Dutch,Netherlands,http://en.wikipedia.org/wiki/Huub_Rothengatter
180,berg,\N,\N,Allen,Berg,22494,Canadian,Canada,http://en.wikipedia.org/wiki/Allen_Berg
181,manfred_winkelhock,\N,\N,Manfred,Winkelhock,18907,German,Germany,http://en.wikipedia.org/wiki/Manfred_Winkelhock
182,lauda,\N,\N,Niki,Lauda,17951,Austrian,Austria,http://en.wikipedia.org/wiki/Niki_Lauda
183,hesnault,\N,\N,François,Hesnault,20819,French,France,http://en.wikipedia.org/wiki/Fran%C3%A7ois_Hesnault
184,baldi,\N,\N,Mauro,Baldi,19755,Italian,Italy,http://en.wikipedia.org/wiki/Mauro_Baldi
185,bellof,\N,\N,Stefan,Bellof,21144,German,Germany,http://en.wikipedia.org/wiki/Stefan_Bellof
186,acheson,\N,\N,Kenny,Acheson,21151,British,United Kingdom,http://en.wikipedia.org/wiki/Kenny_Acheson
187,watson,\N,\N,John,Watson,16926,British,United Kingdom,http://en.wikipedia.org/wiki/John_Watson_(racing_driver)
188,cecotto,\N,\N,Johnny,Cecotto,20479,Venezuelan,Venezuela,http://en.wikipedia.org/wiki/Johnny_Cecotto
189,gartner,\N,\N,Jo,Gartner,19748,Austrian,Austria,http://en.wikipedia.org/wiki/Jo_Gartner
190,corrado_fabi,\N,\N,Corrado,Fabi,22383,Italian,Italy,http://en.wikipedia.org/wiki/Corrado_Fabi
191,thackwell,\N,\N,Mike,Thackwell,22370,New Zealander,New Zealand,http://en.wikipedia.org/wiki/Mike_Thackwell
192,serra,\N,\N,Chico,Serra,20854,Brazilian,Brazil,http://en.wikipedia.org/wiki/Chico_Serra
193,sullivan,\N,\N,Danny,Sullivan,18331,American,United States ,http://en.wikipedia.org/wiki/Danny_Sullivan
194,salazar,\N,\N,Eliseo,Salazar,20042,Chilean,Chile,http://en.wikipedia.org/wiki/Eliseo_Salazar
195,guerrero,\N,\N,Roberto,Guerrero,21505,Colombian,Colombia,http://en.wikipedia.org/wiki/Roberto_Guerrero
196,boesel,\N,\N,Raul,Boesel,21158,Brazilian,Brazil,http://en.wikipedia.org/wiki/Raul_Boesel
197,jarier,\N,\N,Jean-Pierre,Jarier,16993,French,France,http://en.wikipedia.org/wiki/Jean-Pierre_Jarier
198,villeneuve_sr,\N,\N,Jacques,Villeneuve Sr.,19667,Canadian,Canada,http://en.wikipedia.org/wiki/Jacques_Villeneuve_(elder)
199,reutemann,\N,\N,Carlos,Reutemann,15443,Argentine,Argentina,http://en.wikipedia.org/wiki/Carlos_Reutemann
200,mass,\N,\N,Jochen,Mass,17075,German,Germany,http://en.wikipedia.org/wiki/Jochen_Mass
201,borgudd,\N,\N,Slim,Borgudd,17131,Swedish,Sweden,http://en.wikipedia.org/wiki/Slim_Borgudd
202,pironi,\N,\N,Didier,Pironi,19079,French,France,http://en.wikipedia.org/wiki/Didier_Pironi
203,gilles_villeneuve,\N,\N,Gilles,Villeneuve,18281,Canadian,Canada,http://en.wikipedia.org/wiki/Gilles_Villeneuve
204,paletti,\N,\N,Riccardo,Paletti,21351,Italian,Italy,http://en.wikipedia.org/wiki/Riccardo_Paletti
205,henton,\N,\N,Brian,Henton,17064,British,United Kingdom,http://en.wikipedia.org/wiki/Brian_Henton
206,daly,\N,\N,Derek,Daly,19429,Irish,Ireland,http://en.wikipedia.org/wiki/Derek_Daly
207,mario_andretti,\N,\N,Mario,Andretti,14669,American,United States ,http://en.wikipedia.org/wiki/Mario_Andretti
208,villota,\N,\N,Emilio,de Villota,17009,Spanish,Spain,http://en.wikipedia.org/wiki/Emilio_de_Villota
209,lees,\N,\N,Geoff,Lees,18749,British,United Kingdom,http://en.wikipedia.org/wiki/Geoff_Lees
210,byrne,\N,\N,Tommy,Byrne,21311,Irish,Ireland,http://en.wikipedia.org/wiki/Tommy_Byrne_%28racing_driver%29
211,keegan,\N,\N,Rupert,Keegan,20146,British,United Kingdom,http://en.wikipedia.org/wiki/Rupert_Keegan
212,rebaque,\N,\N,Hector,Rebaque,20490,Mexican,Mexico,http://en.wikipedia.org/wiki/Hector_Rebaque
213,gabbiani,\N,\N,Beppe,Gabbiani,20822,Italian,Italy,http://en.wikipedia.org/wiki/Beppe_Gabbiani
214,cogan,\N,\N,Kevin,Cogan,20545,American,United States ,http://en.wikipedia.org/wiki/Kevin_Cogan
215,guerra,\N,\N,Miguel Ángel,Guerra,19602,Argentine,Argentina,http://en.wikipedia.org/wiki/Miguel_Angel_Guerra
216,stohr,\N,\N,Siegfried,Stohr,19277,Italian,Italy,http://en.wikipedia.org/wiki/Siegfried_Stohr
217,zunino,\N,\N,Ricardo,Zunino,18001,Argentine,Argentina,http://en.wikipedia.org/wiki/Ricardo_Zunino
218,londono,\N,\N,Ricardo,Londoño,18118,Colombian,Colombia,http://en.wikipedia.org/wiki/Ricardo_Londo%C3%B1o
219,jabouille,\N,\N,Jean-Pierre,Jabouille,15615,French,France,http://en.wikipedia.org/wiki/Jean-Pierre_Jabouille
220,francia,\N,\N,Giorgio,Francia,17479,Italian,Italy,http://en.wikipedia.org/wiki/Giorgio_Francia
221,depailler,\N,\N,Patrick,Depailler,16293,French,France,http://en.wikipedia.org/wiki/Patrick_Depailler
222,scheckter,\N,\N,Jody,Scheckter,18292,South African,South Africa,http://en.wikipedia.org/wiki/Jody_Scheckter
223,regazzoni,\N,\N,Clay,Regazzoni,14493,Swiss,Switzerland,http://en.wikipedia.org/wiki/Clay_Regazzoni
224,emerson_fittipaldi,\N,\N,Emerson,Fittipaldi,17148,Brazilian,Brazil,http://en.wikipedia.org/wiki/Emerson_Fittipaldi
225,kennedy,\N,\N,Dave,Kennedy,19374,Irish,Ireland,http://en.wikipedia.org/wiki/David_Kennedy_(racing_driver)
226,south,\N,\N,Stephen,South,19043,British,United Kingdom,http://en.wikipedia.org/wiki/Stephen_South
227,needell,\N,\N,Tiff,Needell,18930,British,United Kingdom,http://en.wikipedia.org/wiki/Tiff_Needell
228,desire_wilson,\N,\N,Desiré,Wilson,19689,South African,South Africa,http://en.wikipedia.org/wiki/Desir%C3%A9_Wilson
229,ertl,\N,\N,Harald,Ertl,17776,Austrian,Austria,http://en.wikipedia.org/wiki/Harald_Ertl
230,brambilla,\N,\N,Vittorio,Brambilla,13830,Italian,Italy,http://en.wikipedia.org/wiki/Vittorio_Brambilla
231,hunt,\N,\N,James,Hunt,17408,British,United Kingdom,http://en.wikipedia.org/wiki/James_Hunt
232,merzario,\N,\N,Arturo,Merzario,15776,Italian,Italy,http://en.wikipedia.org/wiki/Arturo_Merzario
233,stuck,\N,\N,Hans-Joachim,Stuck,18629,German,Germany,http://en.wikipedia.org/wiki/Hans_Joachim_Stuck
234,brancatelli,\N,\N,Gianfranco,Brancatelli,18281,Italian,Italy,http://en.wikipedia.org/wiki/Gianfranco_Brancatelli
235,ickx,\N,\N,Jacky,Ickx,16438,Belgian,Belgium,http://en.wikipedia.org/wiki/Jacky_Ickx
236,gaillard,\N,\N,Patrick,Gaillard,19036,French,France,http://en.wikipedia.org/wiki/Patrick_Gaillard
237,ribeiro,\N,\N,Alex,Ribeiro,17844,Brazilian,Brazil,http://en.wikipedia.org/wiki/Alex_Ribeiro
238,peterson,\N,\N,Ronnie,Peterson,16116,Swedish,Sweden,http://en.wikipedia.org/wiki/Ronnie_Peterson
239,lunger,\N,\N,Brett,Lunger,16755,American,United States ,http://en.wikipedia.org/wiki/Brett_Lunger
240,ongais,\N,\N,Danny,Ongais,15482,American,United States ,http://en.wikipedia.org/wiki/Danny_Ongais
241,leoni,\N,\N,Lamberto,Leoni,19503,Italian,Italy,http://en.wikipedia.org/wiki/Lamberto_Leoni
242,galica,\N,\N,Divina,Galica,16297,British,United Kingdom,http://en.wikipedia.org/wiki/Divina_Galica
243,stommelen,\N,\N,Rolf,Stommelen,15898,German,Germany,http://en.wikipedia.org/wiki/Rolf_Stommelen
244,colombo,\N,\N,Alberto,Colombo,16856,Italian,Italy,http://en.wikipedia.org/wiki/Alberto_Colombo
245,trimmer,\N,\N,Tony,Trimmer,15730,British,United Kingdom,http://en.wikipedia.org/wiki/Tony_Trimmer
246,binder,\N,\N,Hans,Binder,17696,Austrian,Austria,http://en.wikipedia.org/wiki/Hans_Binder
247,bleekemolen,\N,\N,Michael,Bleekemolen,18173,Dutch,Netherlands,http://en.wikipedia.org/wiki/Michael_Bleekemolen
248,gimax,\N,\N,Carlo,Franchi,13881,Italian,Italy,http://en.wikipedia.org/wiki/Gimax
249,rahal,\N,\N,Bobby,Rahal,19369,American,United States ,http://en.wikipedia.org/wiki/Bobby_Rahal
250,pace,\N,\N,Carlos,Pace,16351,Brazilian,Brazil,http://en.wikipedia.org/wiki/Carlos_Pace
251,ian_scheckter,\N,\N,Ian,Scheckter,17401,South African,South Africa,http://en.wikipedia.org/wiki/Ian_Scheckter
252,pryce,\N,\N,Tom,Pryce,18060,British,United Kingdom,http://en.wikipedia.org/wiki/Tom_Pryce
253,hoffmann,\N,\N,Ingo,Hoffmann,19418,Brazilian,Brazil,http://en.wikipedia.org/wiki/Ingo_Hoffmann
254,zorzi,\N,\N,Renzo,Zorzi,17148,Italian,Italy,http://en.wikipedia.org/wiki/Renzo_Zorzi
255,nilsson,\N,\N,Gunnar,Nilsson,17857,Swedish,Sweden,http://en.wikipedia.org/wiki/Gunnar_Nilsson
256,perkins,\N,\N,Larry,Perkins,18340,Australian,Australia,http://en.wikipedia.org/wiki/Larry_Perkins
257,hayje,\N,\N,Boy,Lunger,18021,Dutch,Netherlands,http://en.wikipedia.org/wiki/Boy_Hayje
258,neve,\N,\N,Patrick,Nève,18184,Belgian,Belgium,http://en.wikipedia.org/wiki/Patrick_Neve
259,purley,\N,\N,David,Purley,16463,British,United Kingdom,http://en.wikipedia.org/wiki/David_Purley
260,andersson,\N,\N,Conny,Andersson,14607,Swedish,Sweden,http://en.wikipedia.org/wiki/Conny_Andersson_(racing_driver)
261,dryver,\N,\N,Bernard,de Dryver,19256,Belgian,Belgium,http://en.wikipedia.org/wiki/Bernard_de_Dryver
262,oliver,\N,\N,Jackie,Oliver,15567,British,United Kingdom,http://en.wikipedia.org/wiki/Jackie_Oliver
263,kozarowitzky,\N,\N,Mikko,Kozarowitzky,17670,Finnish,Finland,http://en.wikipedia.org/wiki/Mikko_Kozarowitzky
264,sutcliffe,\N,\N,Andy,Sutcliffe,17296,British,United Kingdom,http://en.wikipedia.org/wiki/Andy_Sutcliffe
265,edwards,\N,\N,Guy,Edwards,15705,British,United Kingdom,http://en.wikipedia.org/wiki/Guy_Edwards
266,mcguire,\N,\N,Brian,McGuire,16784,Australian,Australia,http://en.wikipedia.org/wiki/Brian_McGuire
267,schuppan,\N,\N,Vern,Schuppan,15784,Australian,Australia,http://en.wikipedia.org/wiki/Vern_Schuppan
268,heyer,\N,\N,Hans,Heyer,15781,German,Germany,http://en.wikipedia.org/wiki/Hans_Heyer
269,pilette,\N,\N,Teddy,Pilette,15548,Belgian,Belgium,http://en.wikipedia.org/wiki/Teddy_Pilette
270,ashley,\N,\N,Ian,Ashley,17466,British,United Kingdom,http://en.wikipedia.org/wiki/Ian_Ashley
271,kessel,\N,\N,Loris,Kessel,18354,Swiss,Switzerland,http://en.wikipedia.org/wiki/Loris_Kessel
272,takahashi,\N,\N,Kunimitsu,Takahashi,14639,Japanese,Japan,http://en.wikipedia.org/wiki/Kunimitsu_Takahashi
273,hoshino,\N,\N,Kazuyoshi,Hoshino,17349,Japanese,Japan,http://en.wikipedia.org/wiki/Kazuyoshi_Hoshino
274,takahara,\N,\N,Noritake,Takahara,18785,Japanese,Japan,http://en.wikipedia.org/wiki/Noritake_Takahara
275,lombardi,\N,\N,Lella,Lombardi,15061,Italian,Italy,http://en.wikipedia.org/wiki/Lella_Lombardi
276,evans,\N,\N,Bob,Evans,17329,British,United Kingdom,http://en.wikipedia.org/wiki/Bob_Evans_(race_driver)
277,leclere,\N,\N,Michel,Leclère,16879,French,France,http://en.wikipedia.org/wiki/Michel_Lecl%C3%A8re
278,amon,\N,\N,Chris,Amon,15907,New Zealander,New Zealand,http://en.wikipedia.org/wiki/Chris_Amon
279,zapico,\N,\N,Emilio,Zapico,16219,Spanish,Spain,http://en.wikipedia.org/wiki/Emilio_Zapico
280,pescarolo,\N,\N,Henri,Pescarolo,15609,French,France,http://en.wikipedia.org/wiki/Henri_Pescarolo
281,nelleman,\N,\N,Jac,Nelleman,16181,Danish,Denmark,http://en.wikipedia.org/wiki/Jac_Nelleman
282,magee,\N,\N,Damien,Magee,16758,British,United Kingdom,http://en.wikipedia.org/wiki/Damien_Magee
283,wilds,\N,\N,Mike,Wilds,16809,British,United Kingdom,http://en.wikipedia.org/wiki/Mike_Wilds
284,pesenti_rossi,\N,\N,Alessandro,Pesenti-Rossi,15584,Italian,Italy,http://en.wikipedia.org/wiki/Alessandro_Pesenti-Rossi
285,stuppacher,\N,\N,Otto,Stuppacher,17229,Austrian,Austria,http://en.wikipedia.org/wiki/Otto_Stuppacher
286,brown,\N,\N,Warwick,Brown,18256,Australian,Australia,http://en.wikipedia.org/wiki/Warwick_Brown
287,hasemi,\N,\N,Masahiro,Hasemi,16754,Japanese,Japan,http://en.wikipedia.org/wiki/Masahiro_Hasemi
288,donohue,\N,\N,Mark,Donohue,13592,American,United States ,http://en.wikipedia.org/wiki/Mark_Donohue
289,hill,\N,\N,Graham,Hill,10639,British,United Kingdom,http://en.wikipedia.org/wiki/Graham_Hill
290,wilson_fittipaldi,\N,\N,Wilson,Fittipaldi,16065,Brazilian,Brazil,http://en.wikipedia.org/wiki/Wilson_Fittipaldi
291,tunmer,\N,\N,Guy,Tunmer,17868,South African,South Africa,http://en.wikipedia.org/wiki/Guy_Tunmer
292,keizan,\N,\N,Eddie,Keizan,16327,South African,South Africa,http://en.wikipedia.org/wiki/Eddie_Keizan
293,charlton,\N,\N,Dave,Charlton,13450,South African,South Africa,http://en.wikipedia.org/wiki/Dave_Charlton
294,brise,\N,\N,Tony,Brise,19081,British,United Kingdom,http://en.wikipedia.org/wiki/Tony_Brise
295,wunderink,\N,\N,Roelof,Wunderink,17879,Dutch,Netherlands,http://en.wikipedia.org/wiki/Roelof_Wunderink
296,migault,\N,\N,François,Migault,16410,French,France,http://en.wikipedia.org/wiki/Fran%C3%A7ois_Migault
297,palm,\N,\N,Torsten,Palm,17371,Swedish,Sweden,http://en.wikipedia.org/wiki/Torsten_Palm
298,lennep,\N,\N,Gijs,van Lennep,15416,Dutch,Netherlands,http://en.wikipedia.org/wiki/Gijs_Van_Lennep
299,fushida,\N,\N,Hiroshi,Fushida,16871,Japanese,Japan,http://en.wikipedia.org/wiki/Hiroshi_Fushida
300,nicholson,\N,\N,John,Nicholson,15255,New Zealander,New Zealand,http://en.wikipedia.org/wiki/John_Nicholson_(racing_driver)
301,morgan,\N,\N,Dave,Morgan,16291,British,United Kingdom,http://en.wikipedia.org/wiki/Dave_Morgan_(racing_driver)
302,crawford,\N,\N,Jim,Crawford,17576,British,United Kingdom,http://en.wikipedia.org/wiki/Jim_Crawford_(driver)
303,vonlanthen,\N,\N,Jo,Vonlanthen,15492,Swiss,Switzerland,http://en.wikipedia.org/wiki/Jo_Vonlanthen
304,hulme,\N,\N,Denny,Hulme,13319,New Zealander,New Zealand,http://en.wikipedia.org/wiki/Denny_Hulme
305,hailwood,\N,\N,Mike,Hailwood,14703,British,United Kingdom,http://en.wikipedia.org/wiki/Mike_Hailwood
306,beltoise,\N,\N,Jean-Pierre,Beltoise,13631,French,France,http://en.wikipedia.org/wiki/Jean-Pierre_Beltoise
307,ganley,\N,\N,Howden,Ganley,15334,New Zealander,New Zealand,http://en.wikipedia.org/wiki/Howden_Ganley
308,robarts,\N,\N,Richard,Robarts,16337,British,United Kingdom,http://en.wikipedia.org/wiki/Richard_Robarts
309,revson,\N,\N,Peter,Revson,14303,American,United States ,http://en.wikipedia.org/wiki/Peter_Revson
310,driver,\N,\N,Paddy,Driver,12552,South African,South Africa,http://en.wikipedia.org/wiki/Paddy_Driver
311,belso,\N,\N,Tom,Belsø,15580,Danish,Denmark,http://en.wikipedia.org/wiki/Tom_Bels%C3%B8
312,redman,\N,\N,Brian,Redman,13583,British,United Kingdom,http://en.wikipedia.org/wiki/Brian_Redman
313,opel,\N,\N,Rikky,von Opel,17454,Liechtensteiner,Liechtenstein,http://en.wikipedia.org/wiki/Rikky_von_Opel
314,schenken,\N,\N,Tim,Schenken,15975,Australian,Australia,http://en.wikipedia.org/wiki/Tim_Schenken
315,larrousse,\N,\N,Gérard,Larrousse,14754,French,France,http://en.wikipedia.org/wiki/G%C3%A9rard_Larrousse
316,kinnunen,\N,\N,Leo,Kinnunen,15923,Finnish,Finland,http://en.wikipedia.org/wiki/Leo_Kinnunen
317,wisell,\N,\N,Reine,Wisell,15249,Swedish,Sweden,http://en.wikipedia.org/wiki/Reine_Wisell
318,roos,\N,\N,Bertil,Roos,15991,Swedish,Sweden,http://en.wikipedia.org/wiki/Bertil_Roos
319,dolhem,\N,\N,José,Dolhem,16188,French,France,http://en.wikipedia.org/wiki/Jos%C3%A9_Dolhem
320,gethin,\N,\N,Peter,Gethin,14662,British,United Kingdom,http://en.wikipedia.org/wiki/Peter_Gethin
321,bell,\N,\N,Derek,Bell,15280,British,United Kingdom,http://en.wikipedia.org/wiki/Derek_Bell_(auto_racer)
322,hobbs,\N,\N,David,Hobbs,14405,British,United Kingdom,http://en.wikipedia.org/wiki/David_Hobbs_(racing_driver)
323,quester,\N,\N,Dieter,Quester,14395,Austrian,Austria,http://en.wikipedia.org/wiki/Dieter_Quester
324,koinigg,\N,\N,Helmuth,Koinigg,17840,Austrian,Austria,http://en.wikipedia.org/wiki/Helmuth_Koinigg
325,facetti,\N,\N,Carlo,Facetti,12961,Italian,Italy,http://en.wikipedia.org/wiki/Carlo_Facetti
326,wietzes,\N,\N,Eppie,Wietzes,14028,Canadian,Canada,http://en.wikipedia.org/wiki/Eppie_Wietzes
327,cevert,\N,\N,François,Cevert,16127,French,France,http://en.wikipedia.org/wiki/Fran%C3%A7ois_Cevert
328,stewart,\N,\N,Jackie,Stewart,14407,British,United Kingdom,http://en.wikipedia.org/wiki/Jackie_Stewart
329,beuttler,\N,\N,Mike,Beuttler,14714,British,United Kingdom,http://en.wikipedia.org/wiki/Mike_Beuttler
330,galli,\N,\N,Nanni,Galli,14886,Italian,Italy,http://en.wikipedia.org/wiki/Nanni_Galli
331,bueno,\N,\N,Luiz,Bueno,13531,Brazilian,Brazil,http://en.wikipedia.org/wiki/Luiz_Bueno
332,follmer,\N,\N,George,Follmer,12446,American,United States ,http://en.wikipedia.org/wiki/George_Follmer
333,adamich,\N,\N,Andrea,de Adamich,15252,Italian,Italy,http://en.wikipedia.org/wiki/Andrea_de_Adamich
334,pretorius,\N,\N,Jackie,Pretorius,12745,South African,South Africa,http://en.wikipedia.org/wiki/Jackie_Pretorius
335,williamson,\N,\N,Roger,Williamson,17565,British,United Kingdom,http://en.wikipedia.org/wiki/Roger_Williamson
336,mcrae,\N,\N,Graham,McRae,14675,New Zealander,New Zealand,http://en.wikipedia.org/wiki/Graham_McRae
337,marko,\N,\N,Helmut,Marko,15823,Austrian,Austria,http://en.wikipedia.org/wiki/Helmut_Marko
338,walker,\N,\N,David,Walker,15137,Australian,Australia,http://en.wikipedia.org/wiki/David_Walker_(racing_driver)
339,roig,\N,\N,Alex,Soler-Roig,11991,Spanish,Spain,http://en.wikipedia.org/wiki/Alex_Soler-Roig
340,love,\N,\N,John,Love,9108,Rhodesian,Rhodesia,http://en.wikipedia.org/wiki/John_Love_(racing_driver)
341,surtees,\N,\N,John,Surtees,12461,British,United Kingdom,http://en.wikipedia.org/wiki/John_Surtees
342,barber,\N,\N,Skip,Barber,13470,American,United States ,http://en.wikipedia.org/wiki/Skip_Barber
343,brack,\N,\N,Bill,Brack,13144,Canadian,Canada,http://en.wikipedia.org/wiki/Bill_Brack
344,posey,\N,\N,Sam,Posey,16218,American,United States ,http://en.wikipedia.org/wiki/Sam_Posey
345,rodriguez,\N,\N,Pedro,Rodríguez,14628,Mexican,Mexico,http://en.wikipedia.org/wiki/Pedro_Rodr%C3%ADguez_(racing_driver)
346,siffert,\N,\N,Jo,Siffert,13338,Swiss,Switzerland,http://en.wikipedia.org/wiki/Jo_Siffert
347,bonnier,\N,\N,Jo,Bonnier,10989,Swedish,Sweden,http://en.wikipedia.org/wiki/Joakim_Bonnier
348,mazet,\N,\N,François,Mazet,15761,French,France,http://en.wikipedia.org/wiki/Fran%C3%A7ois_Mazet
349,jean,\N,\N,Max,Jean,15914,French,France,http://en.wikipedia.org/wiki/Max_Jean
350,elford,\N,\N,Vic,Elford,12945,British,United Kingdom,http://en.wikipedia.org/wiki/Vic_Elford
351,moser,\N,\N,Silvio,Moser,15090,Swiss,Switzerland,http://en.wikipedia.org/wiki/Silvio_Moser
352,eaton,\N,\N,George,Eaton,16753,Canadian,Canada,http://en.wikipedia.org/wiki/George_Eaton
353,lovely,\N,\N,Pete,Lovely,9598,American,United States ,http://en.wikipedia.org/wiki/Pete_Lovely
354,craft,\N,\N,Chris,Craft,14566,British,United Kingdom,http://en.wikipedia.org/wiki/Chris_Craft_(racing_driver)
355,Cannoc,\N,\N,John,Cannon,12226,Canadian,Canada,http://en.wikipedia.org/wiki/John_Cannon_(auto_racer)
356,jack_brabham,\N,\N,Jack,Brabham,9589,Australian,Australia,http://en.wikipedia.org/wiki/Jack_Brabham
357,miles,\N,\N,John,Miles,15871,British,United Kingdom,http://en.wikipedia.org/wiki/John_Miles_(auto_racer)
358,rindt,\N,\N,Jochen,Rindt,15449,Austrian,Austria,http://en.wikipedia.org/wiki/Jochen_Rindt
359,gavin,\N,\N,Johnny,Servoz-Gavin,15359,French,France,http://en.wikipedia.org/wiki/Johnny_Servoz-Gavin
360,mclaren,\N,\N,Bruce,McLaren,13757,New Zealander,New Zealand,http://en.wikipedia.org/wiki/Bruce_McLaren
361,courage,\N,\N,Piers,Courage,15488,British,United Kingdom,http://en.wikipedia.org/wiki/Piers_Courage
362,klerk,\N,\N,Peter,de Klerk,12859,South African,South Africa,http://en.wikipedia.org/wiki/Peter_de_Klerk
363,giunti,\N,\N,Ignazio,Giunti,15218,Italian,Italy,http://en.wikipedia.org/wiki/Ignazio_Giunti
364,gurney,\N,\N,Dan,Gurney,11426,American,United States ,http://en.wikipedia.org/wiki/Dan_Gurney
365,hahne,\N,\N,Hubert,Hahne,12871,German,Germany,http://en.wikipedia.org/wiki/Hubert_Hahne
366,hutchison,\N,\N,Gus,Hutchison,13631,American,United States ,http://en.wikipedia.org/wiki/Gus_Hutchison
367,westbury,\N,\N,Peter,Westbury,14026,British,United Kingdom,http://en.wikipedia.org/wiki/Peter_Westbury
368,tingle,\N,\N,Sam,Tingle,7907,Rhodesian,Rhodesia,http://en.wikipedia.org/wiki/Sam_Tingle
369,rooyen,\N,\N,Basil,van Rooyen,14354,South African,South Africa,http://en.wikipedia.org/wiki/Basil_van_Rooyen
370,attwood,\N,\N,Richard,Attwood,14705,British,United Kingdom,http://en.wikipedia.org/wiki/Richard_Attwood
371,pease,\N,\N,Al,Pease,7959,Canadian,Canada,http://en.wikipedia.org/wiki/Al_Pease
372,cordts,\N,\N,John,Cordts,12988,Canadian,Canada,http://en.wikipedia.org/wiki/John_Cordts
373,clark,\N,\N,Jim,Clark,13213,British,United Kingdom,http://en.wikipedia.org/wiki/Jim_Clark
374,spence,\N,\N,Mike,Spence,13514,British,United Kingdom,http://en.wikipedia.org/wiki/Mike_Spence
375,scarfiotti,\N,\N,Ludovico,Scarfiotti,12345,Italian,Italy,http://en.wikipedia.org/wiki/Ludovico_Scarfiotti
376,bianchi,\N,BIA,Lucien,Bianchi,12733,Belgian,Belgium,http://en.wikipedia.org/wiki/Lucien_Bianchi
377,jo_schlesser,\N,\N,Jo,Schlesser,10366,French,France,http://en.wikipedia.org/wiki/Jo_Schlesser
378,widdows,\N,\N,Robin,Widdows,15488,British,United Kingdom,http://en.wikipedia.org/wiki/Robin_Widdows
379,ahrens,\N,\N,Kurt,Ahrens,14720,German,Germany,http://en.wikipedia.org/wiki/Kurt_Ahrens,_Jr.
380,gardner,\N,\N,Frank,Gardner,11232,Australian,Australia,http://en.wikipedia.org/wiki/Frank_Gardner_(driver)
381,unser,\N,\N,Bobby,Unser,12470,American,United States ,http://en.wikipedia.org/wiki/Bobby_Unser
382,solana,\N,\N,Moisés,Solana,13144,Mexican,Mexico,http://en.wikipedia.org/wiki/Mois%C3%A9s_Solana
383,anderson,\N,\N,Bob,Anderson,11462,British,United Kingdom,http://en.wikipedia.org/wiki/Bob_Anderson_(racing_driver)
384,botha,\N,\N,Luki,Botha,10974,South African,South Africa,http://en.wikipedia.org/wiki/Luki_Botha
385,bandini,\N,\N,Lorenzo,Bandini,13139,Italian,Italy,http://en.wikipedia.org/wiki/Lorenzo_Bandini
386,ginther,\N,\N,Richie,Ginther,11175,American,United States ,http://en.wikipedia.org/wiki/Richie_Ginther
387,parkes,\N,\N,Mike,Parkes,11590,British,United Kingdom,http://en.wikipedia.org/wiki/Mike_Parkes
388,irwin,\N,\N,Chris,Irwin,15519,British,United Kingdom,http://en.wikipedia.org/wiki/Chris_Irwin
389,ligier,\N,\N,Guy,Ligier,11151,French,France,http://en.wikipedia.org/wiki/Guy_Ligier
390,rees,\N,\N,Alan,Rees,13892,British,United Kingdom,http://en.wikipedia.org/wiki/Alan_Rees_(racing_driver)
391,hart,\N,\N,Brian,Hart,13400,British,United Kingdom,http://en.wikipedia.org/wiki/Brian_Hart
392,fisher,\N,\N,Mike,Fisher,15778,American,United States ,http://en.wikipedia.org/wiki/Mike_Fisher_(driver)
393,tom_jones,\N,\N,Tom,Jones,15822,American,United States ,http://en.wikipedia.org/wiki/Tom_Jones_(auto_racer)
394,baghetti,\N,\N,Giancarlo,Baghetti,12778,Italian,Italy,http://en.wikipedia.org/wiki/Giancarlo_Baghetti
395,williams,\N,\N,Jonathan,Williams,15640,British,United Kingdom,http://en.wikipedia.org/wiki/Jonathan_Williams_(racing_driver)
396,bondurant,\N,\N,Bob,Bondurant,12171,American,United States ,http://en.wikipedia.org/wiki/Bob_Bondurant
397,arundell,\N,\N,Peter,Arundell,12366,British,United Kingdom,http://en.wikipedia.org/wiki/Peter_Arundell
398,vic_wilson,\N,\N,Vic,Wilson,11427,British,United Kingdom,http://en.wikipedia.org/wiki/Vic_Wilson_(motor_racing_driver)
399,taylor,\N,\N,John,Taylor,12136,British,United Kingdom,http://en.wikipedia.org/wiki/John_Taylor_(racer)
400,lawrence,\N,\N,Chris,Lawrence,12262,British,United Kingdom,http://en.wikipedia.org/wiki/Chris_Lawrence_(racing_driver)
401,trevor_taylor,\N,\N,Trevor,Taylor,13510,British,United Kingdom,http://en.wikipedia.org/wiki/Trevor_Taylor
402,geki,\N,\N,Giacomo,Russo,13811,Italian,Italy,http://en.wikipedia.org/wiki/Geki_(driver)
403,phil_hill,\N,\N,Phil,Hill,9972,American,United States ,http://en.wikipedia.org/wiki/Phil_Hill
404,ireland,\N,\N,Innes,Ireland,11121,British,United Kingdom,http://en.wikipedia.org/wiki/Innes_Ireland
405,bucknum,\N,\N,Ronnie,Bucknum,13245,American,United States ,http://en.wikipedia.org/wiki/Ronnie_Bucknum
406,hawkins,\N,\N,Paul,Hawkins,13800,Australian,Australia,http://en.wikipedia.org/wiki/Paul_Hawkins_(racing_driver)
407,prophet,\N,\N,David,Prophet,13797,British,United Kingdom,http://en.wikipedia.org/wiki/David_Prophet
408,maggs,\N,\N,Tony,Maggs,13555,South African,South Africa,http://en.wikipedia.org/wiki/Tony_Maggs
409,blokdyk,\N,\N,Trevor,Blokdyk,13118,South African,South Africa,http://en.wikipedia.org/wiki/Trevor_Blokdyk
410,lederle,\N,\N,Neville,Lederle,14148,South African,South Africa,http://en.wikipedia.org/wiki/Neville_Lederle
411,serrurier,\N,\N,Doug,Serrurier,7649,South African,South Africa,http://en.wikipedia.org/wiki/Doug_Serrurier
412,niemann,\N,\N,Brausch,Niemann,14252,South African,South Africa,http://en.wikipedia.org/wiki/Brausch_Niemann
413,pieterse,\N,\N,Ernie,Pieterse,14065,South African,South Africa,http://en.wikipedia.org/wiki/Ernie_Pieterse
414,puzey,\N,\N,Clive,Puzey,15168,Rhodesian,Rhodesia,http://en.wikipedia.org/wiki/Clive_Puzey
415,reed,\N,\N,Ray,Reed,11809,South African,South Africa,http://en.wikipedia.org/wiki/Ray_Reed
416,clapham,\N,\N,David,Clapham,11461,South African,South Africa,http://en.wikipedia.org/wiki/David_Clapham
417,blignaut,\N,\N,Alex,Blignaut,12023,South African,South Africa,http://en.wikipedia.org/wiki/Alex_Blignaut
418,gregory,\N,\N,Masten,Gregory,11748,American,United States ,http://en.wikipedia.org/wiki/Masten_Gregory
419,rhodes,\N,\N,John,Rhodes,10092,British,United Kingdom,http://en.wikipedia.org/wiki/John_Rhodes_(driver)
420,raby,\N,\N,Ian,Raby,7936,British,United Kingdom,http://en.wikipedia.org/wiki/Ian_Raby
421,rollinson,\N,\N,Alan,Rollinson,15841,British,United Kingdom,http://en.wikipedia.org/wiki/Alan_Rollinson
422,gubby,\N,\N,Brian,Gubby,12526,British,United Kingdom,http://en.wikipedia.org/wiki/Brian_Gubby
423,mitter,\N,\N,Gerhard,Mitter,13026,German,Germany,http://en.wikipedia.org/wiki/Gerhard_Mitter
424,bussinello,\N,\N,Roberto,Bussinello,10139,Italian,Italy,http://en.wikipedia.org/wiki/Roberto_Bussinello
425,vaccarella,\N,\N,Nino,Vaccarella,12117,Italian,Italy,http://en.wikipedia.org/wiki/Nino_Vaccarella
426,bassi,\N,\N,Giorgio,Bassi,12439,Italian,Italy,http://en.wikipedia.org/wiki/Giorgio_Bassi
427,trintignant,\N,\N,Maurice,Trintignant,6513,French,France,http://en.wikipedia.org/wiki/Maurice_Trintignant
428,collomb,\N,\N,Bernard,Collomb,11238,French,France,http://en.wikipedia.org/wiki/Bernard_Collomb
429,andre_pilette,\N,\N,André,Pilette,6854,Belgian,Belgium,http://en.wikipedia.org/wiki/Andr%C3%A9_Pilette
430,beaufort,\N,\N,Carel Godin,de Beaufort,12519,Dutch,Netherlands,http://en.wikipedia.org/wiki/Carel_Godin_de_Beaufort
431,barth,\N,\N,Edgar,Barth,6236,German,Germany,http://en.wikipedia.org/wiki/Edgar_Barth
432,cabral,\N,\N,Mário de Araújo,Cabral,12434,Portuguese,Portugal,http://en.wikipedia.org/wiki/Mario_de_Araujo_Cabral
433,hansgen,\N,\N,Walt,Hansgen,7241,American,United States ,http://en.wikipedia.org/wiki/Walt_Hansgen
434,sharp,\N,\N,Hap,Sharp,10228,American,United States ,http://en.wikipedia.org/wiki/Hap_Sharp
435,mairesse,\N,\N,Willy,Mairesse,10502,Belgian,Belgium,http://en.wikipedia.org/wiki/Willy_Mairesse
436,campbell-jones,\N,\N,John,Campbell-Jones,10979,British,United Kingdom,http://en.wikipedia.org/wiki/John_Campbell-Jones
437,burgess,\N,\N,Ian,Burgess,11145,British,United Kingdom,http://en.wikipedia.org/wiki/Ian_Burgess
438,settember,\N,\N,Tony,Settember,9688,American,United States ,http://en.wikipedia.org/wiki/Tony_Settember
439,estefano,\N,\N,Nasif,Estéfano,12011,Argentine,Argentina,http://en.wikipedia.org/wiki/Nasif_Est%C3%A9fano
440,hall,\N,\N,Jim,Hall,12988,American,United States ,http://en.wikipedia.org/wiki/Jim_Hall_(race_car_driver)
441,parnell,\N,\N,Tim,Parnell,11865,British,United Kingdom,http://en.wikipedia.org/wiki/Tim_Parnell
442,kuhnke,\N,\N,Kurt,Kuhnke,3773,German,Germany,http://en.wikipedia.org/wiki/Kurt_Kuhnke
443,ernesto_brambilla,\N,\N,Ernesto,Brambilla,12450,Italian,Italy,http://en.wikipedia.org/wiki/Ernesto_Brambilla
444,lippi,\N,\N,Roberto,Lippi,9787,Italian,Italy,http://en.wikipedia.org/wiki/Roberto_Lippi
445,seiffert,\N,\N,Günther,Seiffert,13806,German,Germany,http://en.wikipedia.org/wiki/G%C3%BCnther_Seiffert
446,abate,\N,\N,Carlo,Abate,11880,Italian,Italy,http://en.wikipedia.org/wiki/Carlo_Mario_Abate
447,starrabba,\N,\N,Gaetano,Starrabba,12026,Italian,Italy,http://en.wikipedia.org/wiki/Gaetano_Starrabba
448,broeker,\N,\N,Peter,Broeker,9632,Canadian,Canada,http://en.wikipedia.org/wiki/Peter_Broeker
449,ward,\N,\N,Rodger,Ward,7681,American,United States ,http://en.wikipedia.org/wiki/Rodger_Ward
450,vos,\N,\N,Ernie,de Vos,15158,Dutch,Netherlands,http://en.wikipedia.org/wiki/Ernie_de_Vos
451,dochnal,\N,\N,Frank,Dochnal,7587,American,United States ,http://en.wikipedia.org/wiki/Frank_Dochnal
452,monarch,\N,\N,Thomas,Monarch,16683,American,United States ,http://en.wikipedia.org/wiki/Talk:1963_Mexican_Grand_Prix#Who_was_Thomas_Monarch.3F
842,gasly,10,GAS,Pierre,Gasly,35102,French,France,http://en.wikipedia.org/wiki/Pierre_Gasly
453,lewis,\N,\N,Jackie,Lewis,13455,British,United Kingdom,http://en.wikipedia.org/wiki/Jackie_Lewis
454,ricardo_rodriguez,\N,\N,Ricardo,Rodríguez,15386,Mexican,Mexico,http://en.wikipedia.org/wiki/Ricardo_Rodr%C3%ADguez_(Formula_One)
455,seidel,\N,\N,Wolfgang,Seidel,9682,German,Germany,http://en.wikipedia.org/wiki/Wolfgang_Seidel
456,salvadori,\N,\N,Roy,Salvadori,8168,British,United Kingdom,http://en.wikipedia.org/wiki/Roy_Salvadori
457,pon,\N,\N,Ben,Pon,13493,Dutch,Netherlands,http://en.wikipedia.org/wiki/Ben_Pon
458,slotemaker,\N,\N,Rob,Slotemaker,10757,Dutch,Netherlands,http://en.wikipedia.org/wiki/Rob_Slotemaker
459,marsh,\N,\N,Tony,Marsh,11524,British,United Kingdom,http://en.wikipedia.org/wiki/Tony_Marsh_(racing_driver)
460,ashmore,\N,\N,Gerry,Ashmore,13356,British,United Kingdom,http://en.wikipedia.org/wiki/Gerry_Ashmore
461,schiller,\N,\N,Heinz,Schiller,10983,Swiss,Switzerland,http://en.wikipedia.org/wiki/Heinz_Schiller
462,davis,\N,\N,Colin,Davis,12264,British,United Kingdom,http://en.wikipedia.org/wiki/Colin_Davis_(driver)
463,chamberlain,\N,\N,Jay,Chamberlain,9495,American,United States ,http://en.wikipedia.org/wiki/Jay_Chamberlain
464,shelly,\N,\N,Tony,Shelly,13548,New Zealander,New Zealand,http://en.wikipedia.org/wiki/Tony_Shelly
465,greene,\N,\N,Keith,Greene,13885,British,United Kingdom,http://en.wikipedia.org/wiki/Keith_Greene
466,walter,\N,\N,Heini,Walter,10071,Swiss,Switzerland,http://en.wikipedia.org/wiki/Heini_Walter
467,prinoth,\N,\N,Ernesto,Prinoth,8506,Italian,Italy,http://en.wikipedia.org/wiki/Ernesto_Prinoth
468,penske,\N,\N,Roger,Penske,13566,American,United States ,http://en.wikipedia.org/wiki/Roger_Penske
469,schroeder,\N,\N,Rob,Schroeder,9628,British,United Kingdom,http://en.wikipedia.org/wiki/Rob_Schroeder
470,mayer,\N,\N,Timmy,Mayer,13933,American,United States ,http://en.wikipedia.org/wiki/Timmy_Mayer
471,johnstone,\N,\N,Bruce,Johnstone,13545,South African,South Africa,http://en.wikipedia.org/wiki/Bruce_Johnstone_(racing_driver)
472,harris,\N,\N,Mike,Harris,14390,South African,South Africa,http://en.wikipedia.org/wiki/Mike_Harris_(race_car_driver)
473,hocking,\N,\N,Gary,Hocking,13788,Rhodesian,Rhodesia,http://en.wikipedia.org/wiki/Gary_Hocking
474,vyver,\N,\N,Syd,van der Vyver,7458,South African,South Africa,http://en.wikipedia.org/wiki/Syd_van_der_Vyver
475,moss,\N,\N,Stirling,Moss,10853,British,United Kingdom,http://en.wikipedia.org/wiki/Stirling_Moss
476,trips,\N,\N,Wolfgang,von Trips,10352,German,Germany,http://en.wikipedia.org/wiki/Wolfgang_Graf_Berghe_von_Trips
477,allison,\N,\N,Cliff,Allison,11727,British,United Kingdom,http://en.wikipedia.org/wiki/Cliff_Allison
478,herrmann,\N,\N,Hans,Herrmann,10281,German,Germany,http://en.wikipedia.org/wiki/Hans_Herrmann
479,brooks,\N,\N,Tony,Brooks,11744,British,United Kingdom,http://en.wikipedia.org/wiki/Tony_Brooks
480,may,\N,\N,Michael,May,12649,Swiss,Switzerland,http://en.wikipedia.org/wiki/Michael_May_(racing_driver)
481,henry_taylor,\N,\N,Henry,Taylor,12039,British,United Kingdom,http://en.wikipedia.org/wiki/Henry_Taylor_(racing_driver)
482,gendebien,\N,\N,Olivier,Gendebien,8778,Belgian,Belgium,http://en.wikipedia.org/wiki/Olivier_Gendebien
483,scarlatti,\N,\N,Giorgio,Scarlatti,7946,Italian,Italy,http://en.wikipedia.org/wiki/Giorgio_Scarlatti
484,naylor,\N,\N,Brian,Naylor,8484,British,United Kingdom,http://en.wikipedia.org/wiki/Brian_Naylor
485,bordeu,\N,\N,Juan Manuel,Bordeu,12447,Argentine,Argentina,http://en.wikipedia.org/wiki/Juan_Manuel_Bordeu
486,fairman,\N,\N,Jack,Fairman,4823,British,United Kingdom,http://en.wikipedia.org/wiki/Jack_Fairman
487,natili,\N,\N,Massimo,Natili,12993,Italian,Italy,http://en.wikipedia.org/wiki/Massimo_Natili
488,monteverdi,\N,\N,Peter,Monteverdi,12577,Swiss,Switzerland,http://en.wikipedia.org/wiki/Peter_Monteverdi
489,pirocchi,\N,\N,Renato,Pirocchi,12139,Italian,Italy,http://en.wikipedia.org/wiki/Renato_Pirocchi
490,duke,\N,\N,Geoff,Duke,8489,British,United Kingdom,http://en.wikipedia.org/wiki/Geoff_Duke
491,thiele,\N,\N,Alfonso,Thiele,7401,Italian,Italy,http://en.wikipedia.org/wiki/Alfonso_Thiele
492,boffa,\N,\N,Menato,Boffa,10962,Italian,Italy,http://en.wikipedia.org/wiki/Menato_Boffa
493,ryan,\N,\N,Peter,Ryan,14772,Canadian,Canada,http://en.wikipedia.org/wiki/Peter_Ryan_(driver)
494,ruby,\N,\N,Lloyd,Ruby,10239,American,United States ,http://en.wikipedia.org/wiki/Lloyd_Ruby
495,ken_miles,\N,\N,Ken,Miles,6880,British,United Kingdom,http://en.wikipedia.org/wiki/Ken_Miles
496,menditeguy,\N,\N,Carlos,Menditeguy,5336,Argentine,Argentina,http://en.wikipedia.org/wiki/Carlos_Menditeguy
497,larreta,\N,\N,Alberto Rodriguez,Larreta,12433,Argentine,Argentina,http://en.wikipedia.org/wiki/Alberto_Rodriguez_Larreta
498,gonzalez,\N,\N,José Froilán,González,8314,Argentine,Argentina,http://en.wikipedia.org/wiki/Jos%C3%A9_Froil%C3%A1n_Gonz%C3%A1lez
499,bonomi,\N,\N,Roberto,Bonomi,7213,Argentine,Argentina,http://en.wikipedia.org/wiki/Roberto_Bonomi
500,munaron,\N,\N,Gino,Munaron,10320,Italian,Italy,http://en.wikipedia.org/wiki/Gino_Munaron
501,schell,\N,\N,Harry,Schell,7851,American,United States ,http://en.wikipedia.org/wiki/Harry_Schell
502,stacey,\N,\N,Alan,Stacey,12295,British,United Kingdom,http://en.wikipedia.org/wiki/Alan_Stacey
503,chimeri,\N,\N,Ettore,Chimeri,7826,Venezuelan,Venezuela,http://en.wikipedia.org/wiki/Ettore_Chimeri
504,creus,\N,\N,Antonio,Creus,9068,Spanish,Spain,http://en.wikipedia.org/wiki/Antonio_Creus
505,bristow,\N,\N,Chris,Bristow,13851,British,United Kingdom,http://en.wikipedia.org/wiki/Chris_Bristow
506,halford,\N,\N,Bruce,Halford,11461,British,United Kingdom,http://en.wikipedia.org/wiki/Bruce_Halford
507,daigh,\N,\N,Chuck,Daigh,8734,American,United States ,http://en.wikipedia.org/wiki/Chuck_Daigh
508,reventlow,\N,\N,Lance,Reventlow,13204,American,United States ,http://en.wikipedia.org/wiki/Lance_Reventlow
509,rathmann,\N,\N,Jim,Rathmann,10425,American,United States ,http://en.wikipedia.org/wiki/Jim_Rathmann
510,goldsmith,\N,\N,Paul,Goldsmith,9407,American,United States ,http://en.wikipedia.org/wiki/Paul_Goldsmith
511,branson,\N,\N,Don,Branson,7459,American,United States ,http://en.wikipedia.org/wiki/Don_Branson
512,thomson,\N,\N,Johnny,Thomson,8135,American,United States ,http://en.wikipedia.org/wiki/Johnny_Thomson
513,johnson,\N,\N,Eddie,Johnson,6981,American,United States ,http://en.wikipedia.org/wiki/Eddie_Johnson_(auto_racer)
514,veith,\N,\N,Bob,Veith,9802,American,United States ,http://en.wikipedia.org/wiki/Bob_Veith
515,tingelstad,\N,\N,Bud,Tingelstad,10322,American,United States ,http://en.wikipedia.org/wiki/Bud_Tingelstad
516,christie,\N,\N,Bob,Christie,8861,American,United States ,http://en.wikipedia.org/wiki/Bob_Christie_(racing_driver)
517,amick,\N,\N,Red,Amick,10612,American,United States ,http://en.wikipedia.org/wiki/Red_Amick
518,darter,\N,\N,Duane,Carter,4874,American,United States ,http://en.wikipedia.org/wiki/Duane_Carter
519,homeier,\N,\N,Bill,Homeier,6818,American,United States ,http://en.wikipedia.org/wiki/Bill_Homeier
520,hartley,\N,\N,Gene,Hartley,9525,American,United States ,http://en.wikipedia.org/wiki/Gene_Hartley
521,stevenson,\N,\N,Chuck,Stevenson,7228,American,United States ,http://en.wikipedia.org/wiki/Chuck_Stevenson
522,grim,\N,\N,Bobby,Grim,9014,American,United States ,http://en.wikipedia.org/wiki/Bobby_Grim
523,templeman,\N,\N,Shorty,Templeman,7164,American,United States ,http://en.wikipedia.org/wiki/Shorty_Templeman
524,hurtubise,\N,\N,Jim,Hurtubise,12028,American,United States ,http://en.wikipedia.org/wiki/Jim_Hurtubise
525,bryan,\N,\N,Jimmy,Bryan,9525,American,United States ,http://en.wikipedia.org/wiki/Jimmy_Bryan
526,ruttman,\N,\N,Troy,Ruttman,11028,American,United States ,http://en.wikipedia.org/wiki/Troy_Ruttman
527,sachs,\N,\N,Eddie,Sachs,10010,American,United States ,http://en.wikipedia.org/wiki/Eddie_Sachs
528,freeland,\N,\N,Don,Freeland,9216,American,United States ,http://en.wikipedia.org/wiki/Don_Freeland
529,bettenhausen,\N,\N,Tony,Bettenhausen,6100,American,United States ,http://en.wikipedia.org/wiki/Tony_Bettenhausen
530,weiler,\N,\N,Wayne,Weiler,12762,American,United States ,http://en.wikipedia.org/wiki/Wayne_Weiler
531,foyt,\N,\N,Anthony,Foyt,12800,American,United States ,http://en.wikipedia.org/wiki/A.J._Foyt
532,russo,\N,\N,Eddie,Russo,9455,American,United States ,http://en.wikipedia.org/wiki/Eddie_Russo
533,boyd,\N,\N,Johnny,Boyd,9728,American,United States ,http://en.wikipedia.org/wiki/Johnny_Boyd
534,force,\N,\N,Gene,Force,6011,American,United States ,http://en.wikipedia.org/wiki/Gene_Force
535,mcwithey,\N,\N,Jim,McWithey,10047,American,United States ,http://en.wikipedia.org/wiki/Jim_McWithey
536,sutton,\N,\N,Len,Sutton,9353,American,United States ,http://en.wikipedia.org/wiki/Len_Sutton
537,dick_rathmann,\N,\N,Dick,Rathmann,8772,American,United States ,http://en.wikipedia.org/wiki/Dick_Rathmann
538,herman,\N,\N,Al,Herman,9936,American,United States ,http://en.wikipedia.org/wiki/Al_Herman
539,dempsey_wilson,\N,\N,Dempsey,Wilson,9932,American,United States ,http://en.wikipedia.org/wiki/Dempsey_Wilson
540,mike_taylor,\N,\N,Mike,Taylor,12533,British,United Kingdom,http://en.wikipedia.org/wiki/Mike_Taylor_(driver)
541,flockhart,\N,\N,Ron,Flockhart,8568,British,United Kingdom,http://en.wikipedia.org/wiki/Ron_Flockhart_(auto_racing)
542,piper,\N,\N,David,Piper,11294,British,United Kingdom,http://en.wikipedia.org/wiki/David_Piper
543,cabianca,\N,\N,Giulio,Cabianca,8451,Italian,Italy,http://en.wikipedia.org/wiki/Giulio_Cabianca
544,drogo,\N,\N,Piero,Drogo,9717,Italian,Italy,http://en.wikipedia.org/wiki/Piero_Drogo
545,gamble,\N,\N,Fred,Gamble,11765,American,United States ,http://en.wikipedia.org/wiki/Fred_Gamble_(racing_driver)
546,owen,\N,\N,Arthur,Owen,5561,British,United Kingdom,http://en.wikipedia.org/wiki/Arthur_Owen
547,gould,\N,\N,Horace,Gould,6838,British,United Kingdom,http://en.wikipedia.org/wiki/Horace_Gould
548,drake,\N,\N,Bob,Drake,7288,American,United States ,http://en.wikipedia.org/wiki/Bob_Drake_(Formula_One)
549,bueb,\N,\N,Ivor,Bueb,8558,British,United Kingdom,http://en.wikipedia.org/wiki/Ivor_Bueb
550,Changy,\N,\N,Alain,de Changy,8072,Belgian,Belgium,http://en.wikipedia.org/wiki/Alain_de_Changy
551,filippis,\N,\N,Maria,de Filippis,9812,Italian,Italy,http://en.wikipedia.org/wiki/Maria_Teresa_de_Filippis
552,lucienbonnet,\N,\N,Jean,Lucienbonnet,8408,French,France,http://en.wikipedia.org/wiki/Jean_Lucienbonnet
553,testut,\N,\N,André,Testut,9600,Monegasque,Monaco,http://en.wikipedia.org/wiki/Andr%C3%A9_Testut
554,behra,\N,\N,Jean,Behra,7718,French,France,http://en.wikipedia.org/wiki/Jean_Behra
555,paul_russo,\N,\N,Paul,Russo,5214,American,United States ,http://en.wikipedia.org/wiki/Paul_Russo
556,daywalt,\N,\N,Jimmy,Daywalt,9007,American,United States ,http://en.wikipedia.org/wiki/Jimmy_Daywalt
557,arnold,\N,\N,Chuck,Arnold,9647,American,United States ,http://en.wikipedia.org/wiki/Chuck_Arnold
558,keller,\N,\N,Al,Keller,7407,American,United States ,http://en.wikipedia.org/wiki/Al_Keller
559,flaherty,\N,\N,Pat,Flaherty,9503,American,United States ,http://en.wikipedia.org/wiki/Pat_Flaherty_(racing_driver)
560,cheesbourg,\N,\N,Bill,Cheesbourg,10025,American,United States ,http://en.wikipedia.org/wiki/Bill_Cheesbourg
561,ray_crawford,\N,\N,Ray,Crawford,5778,American,United States ,http://en.wikipedia.org/wiki/Ray_Crawford
562,turner,\N,\N,Jack,Turner,7348,American,United States ,http://en.wikipedia.org/wiki/Jack_Turner_(driver)
563,weyant,\N,\N,Chuck,Weyant,8494,American,United States ,http://en.wikipedia.org/wiki/Chuck_Weyant
564,larson,\N,\N,Jud,Larson,8422,American,United States ,http://en.wikipedia.org/wiki/Jud_Larson
565,magill,\N,\N,Mike,Magill,7344,American,United States ,http://en.wikipedia.org/wiki/Mike_Magill
566,shelby,\N,\N,Carroll,Shelby,8412,American,United States ,http://en.wikipedia.org/wiki/Carroll_Shelby
567,orey,\N,\N,Fritz,d'Orey,13964,Brazilian,Brazil,http://en.wikipedia.org/wiki/Fritz_d%27Orey
568,fontes,\N,\N,Azdrubal,Fontes,8396,Uruguayan,Uruguay,http://en.wikipedia.org/wiki/Azdrubal_Fontes
569,ashdown,\N,\N,Peter,Ashdown,12708,British,United Kingdom,http://en.wikipedia.org/wiki/Peter_Ashdown
570,bill_moss,\N,\N,Bill,Moss,12301,British,United Kingdom,http://en.wikipedia.org/wiki/Bill_Moss_(racing_driver)
571,dennis_taylor,\N,\N,Dennis,Taylor,7834,British,United Kingdom,http://en.wikipedia.org/wiki/Dennis_Taylor_(racing_driver)
572,blanchard,\N,\N,Harry,Blanchard,10757,American,United States ,http://en.wikipedia.org/wiki/Harry_Blanchard
573,tomaso,\N,\N,Alessandro,de Tomaso,10419,Argentine,Argentina,http://en.wikipedia.org/wiki/Alessandro_de_Tomaso
574,constantine,\N,\N,George,Constantine,6628,American,United States ,http://en.wikipedia.org/wiki/George_Constantine
575,said,\N,\N,Bob,Said,11814,American,United States ,http://en.wikipedia.org/wiki/Bob_Said
576,cade,\N,\N,Phil,Cade,6008,American,United States ,http://en.wikipedia.org/wiki/Phil_Cade
577,musso,\N,\N,Luigi,Musso,8976,Italian,Italy,http://en.wikipedia.org/wiki/Luigi_Musso
578,hawthorn,\N,\N,Mike,Hawthorn,10693,British,United Kingdom,http://en.wikipedia.org/wiki/Mike_Hawthorn
579,fangio,\N,\N,Juan,Fangio,4193,Argentine,Argentina,http://en.wikipedia.org/wiki/Juan_Manuel_Fangio
580,godia,\N,\N,Paco,Godia,7751,Spanish,Spain,http://en.wikipedia.org/wiki/Paco_Godia
581,collins,\N,\N,Peter,Collins,11633,British,United Kingdom,http://en.wikipedia.org/wiki/Peter_Collins_(racing_driver)
582,kavanagh,\N,\N,Ken,Kavanagh,8747,Australian,Australia,http://en.wikipedia.org/wiki/Ken_Kavanagh
583,gerini,\N,\N,Gerino,Gerini,10450,Italian,Italy,http://en.wikipedia.org/wiki/Gerino_Gerini_(racing_driver)
584,kessler,\N,\N,Bruce,Kessler,13232,American,United States ,http://en.wikipedia.org/wiki/Bruce_Kessler
585,emery,\N,\N,Paul,Emery,6161,British,United Kingdom,http://en.wikipedia.org/wiki/Paul_Emery
586,piotti,\N,\N,Luigi,Piotti,5049,Italian,Italy,http://en.wikipedia.org/wiki/Luigi_Piotti
587,ecclestone,\N,\N,Bernie,Ecclestone,11259,British,United Kingdom,http://en.wikipedia.org/wiki/Bernie_Ecclestone
588,taramazzo,\N,\N,Luigi,Taramazzo,11814,Italian,Italy,http://en.wikipedia.org/wiki/Luigi_Taramazzo
589,chiron,\N,\N,Louis,Chiron,1899-08-03,Monegasque,Monaco,http://en.wikipedia.org/wiki/Louis_Chiron
590,lewis-evans,\N,\N,Stuart,Lewis-Evans,11068,British,United Kingdom,http://en.wikipedia.org/wiki/Stuart_Lewis-Evans
591,george_amick,\N,\N,George,Amick,9064,American,United States ,http://en.wikipedia.org/wiki/George_Amick
592,reece,\N,\N,Jimmy,Reece,10914,American,United States ,http://en.wikipedia.org/wiki/Jimmy_Reece
593,parsons,\N,\N,Johnnie,Parsons,6760,American,United States ,http://en.wikipedia.org/wiki/Johnnie_Parsons
594,tolan,\N,\N,Johnnie,Tolan,6505,American,United States ,http://en.wikipedia.org/wiki/Johnnie_Tolan
595,garrett,\N,\N,Billy,Garrett,12168,American,United States ,http://en.wikipedia.org/wiki/Billy_Garrett
596,elisian,\N,\N,Ed,Elisian,9840,American,United States ,http://en.wikipedia.org/wiki/Ed_Elisian
597,connor,\N,\N,Pat,O'Connor,10510,American,United States ,http://en.wikipedia.org/wiki/Pat_O%27Connor_(auto_racer)
598,jerry_unser,\N,\N,Jerry,Unser,12008,American,United States ,http://en.wikipedia.org/wiki/Jerry_Unser
599,bisch,\N,\N,Art,Bisch,9811,American,United States ,http://en.wikipedia.org/wiki/Art_Bisch
600,goethals,\N,\N,Christian,Goethals,10444,Belgian,Belgium,http://en.wikipedia.org/wiki/Christian_Goethals
601,gibson,\N,\N,Dick,Gibson,6681,British,United Kingdom,http://en.wikipedia.org/wiki/Dick_Gibson
602,la_caze,\N,\N,Robert,La Caze,6267,French,France,http://en.wikipedia.org/wiki/Robert_La_Caze
603,guelfi,\N,\N,André,Guelfi,7066,French,France,http://en.wikipedia.org/wiki/Andr%C3%A9_Guelfi
604,picard,\N,\N,François,Picard,7787,French,France,http://en.wikipedia.org/wiki/Fran%C3%A7ois_Picard
605,bridger,\N,\N,Tom,Bridger,12594,British,United Kingdom,http://en.wikipedia.org/wiki/Tom_Bridger
606,portago,\N,\N,Alfonso,de Portago,10512,Spanish,Spain,http://en.wikipedia.org/wiki/Alfonso_de_Portago
607,perdisa,\N,\N,Cesare,Perdisa,11983,Italian,Italy,http://en.wikipedia.org/wiki/Cesare_Perdisa
608,castellotti,\N,\N,Eugenio,Castellotti,11241,Italian,Italy,http://en.wikipedia.org/wiki/Eugenio_Castellotti
609,simon,\N,\N,André,Simon,7310,French,France,http://en.wikipedia.org/wiki/Andr%C3%A9_Simon_(racing_driver)
610,leston,\N,\N,Les,Leston,7656,British,United Kingdom,http://en.wikipedia.org/wiki/Les_Leston
611,hanks,\N,\N,Sam,Hanks,5308,American,United States ,http://en.wikipedia.org/wiki/Sam_Hanks
612,linden,\N,\N,Andy,Linden,8131,American,United States ,http://en.wikipedia.org/wiki/Andy_Linden_(racing_driver)
613,teague,\N,\N,Marshall,Teague,7724,American,United States ,http://en.wikipedia.org/wiki/Marshall_Teague
614,edmunds,\N,\N,Don,Edmunds,11224,American,United States ,http://en.wikipedia.org/wiki/Don_Edmunds
615,agabashian,\N,\N,Fred,Agabashian,4982,American,United States ,http://en.wikipedia.org/wiki/Fred_Agabashian
616,george,\N,\N,Elmer,George,10424,American,United States ,http://en.wikipedia.org/wiki/Elmer_George
617,macdowel,\N,\N,Mike,MacDowel,11945,British,United Kingdom,http://en.wikipedia.org/wiki/Mike_MacDowel
618,mackay-fraser,\N,\N,Herbert,MacKay-Fraser,10036,American,United States ,http://en.wikipedia.org/wiki/Herbert_MacKay-Fraser
619,gerard,\N,\N,Bob,Gerard,5133,British,United Kingdom,http://en.wikipedia.org/wiki/Bob_Gerard
620,maglioli,\N,\N,Umberto,Maglioli,10384,Italian,Italy,http://en.wikipedia.org/wiki/Umberto_Maglioli
621,england,\N,\N,Paul,England,10680,Australian,Australia,http://en.wikipedia.org/wiki/Paul_England
622,landi,\N,\N,Chico,Landi,2752,Brazilian,Brazil,http://en.wikipedia.org/wiki/Chico_Landi
623,uria,\N,\N,Alberto,Uria,8959,Uruguayan,Uruguay,http://en.wikipedia.org/wiki/Alberto_Uria
624,ramos,\N,\N,Hernando,da Silva Ramos,9473,Brazilian,Brazil,http://en.wikipedia.org/wiki/Hernando_da_Silva_Ramos
625,bayol,\N,\N,Élie,Bayol,5173,French,France,http://en.wikipedia.org/wiki/%C3%89lie_Bayol
626,manzon,\N,\N,Robert,Manzon,6312,French,France,http://en.wikipedia.org/wiki/Robert_Manzon
627,rosier,\N,\N,Louis,Rosier,2136,French,France,http://en.wikipedia.org/wiki/Louis_Rosier
628,sweikert,\N,\N,Bob,Sweikert,9637,American,United States ,http://en.wikipedia.org/wiki/Bob_Sweikert
629,griffith,\N,\N,Cliff,Griffith,5881,American,United States ,http://en.wikipedia.org/wiki/Cliff_Griffith
630,dinsmore,\N,\N,Duke,Dinsmore,4849,American,United States ,http://en.wikipedia.org/wiki/Duke_Dinsmore
631,andrews,\N,\N,Keith,Andrews,7472,American,United States ,http://en.wikipedia.org/wiki/Keith_Andrews_(driver)
632,frere,\N,\N,Paul,Frère,6240,Belgian,Belgium,http://en.wikipedia.org/wiki/Paul_Fr%C3%A8re
633,villoresi,\N,\N,Luigi,Villoresi,3424,Italian,Italy,http://en.wikipedia.org/wiki/Luigi_Villoresi
634,scotti,\N,\N,Piero,Scotti,3603,Italian,Italy,http://en.wikipedia.org/wiki/Piero_Scotti
635,chapman,\N,\N,Colin,Chapman,10367,British,United Kingdom,http://en.wikipedia.org/wiki/Colin_Chapman
636,titterington,\N,\N,Desmond,Titterington,10349,British,United Kingdom,http://en.wikipedia.org/wiki/Desmond_Titterington
637,scott_Brown,\N,\N,Archie,Scott Brown,9995,British,United Kingdom,http://en.wikipedia.org/wiki/Archie_Scott_Brown
638,volonterio,\N,\N,Ottorino,Volonterio,6551,Swiss,Switzerland,http://en.wikipedia.org/wiki/Ottorino_Volonterio
639,milhoux,\N,\N,André,Milhoux,10571,Belgian,Belgium,http://en.wikipedia.org/wiki/Andr%C3%A9_Milhoux
640,graffenried,\N,\N,Toulo,de Graffenried,5252,Swiss,Switzerland,http://en.wikipedia.org/wiki/Toulo_de_Graffenried
641,taruffi,\N,\N,Piero,Taruffi,2477,Italian,Italy,http://en.wikipedia.org/wiki/Piero_Taruffi
642,farina,\N,\N,Nino,Farina,2495,Italian,Italy,http://en.wikipedia.org/wiki/Nino_Farina
643,mieres,\N,\N,Roberto,Mieres,9104,Argentine,Argentina,http://en.wikipedia.org/wiki/Roberto_Mieres
644,mantovani,\N,\N,Sergio,Mantovani,10735,Italian,Italy,http://en.wikipedia.org/wiki/Sergio_Mantovani
645,bucci,\N,\N,Clemar,Bucci,7553,Argentine,Argentina,http://en.wikipedia.org/wiki/Clemar_Bucci
646,iglesias,\N,\N,Jesús,Iglesias,8089,Argentine,Argentina,http://en.wikipedia.org/wiki/Jes%C3%BAs_Iglesias
647,ascari,\N,\N,Alberto,Ascari,6769,Italian,Italy,http://en.wikipedia.org/wiki/Alberto_Ascari
648,kling,\N,\N,Karl,Kling,3912,German,Germany,http://en.wikipedia.org/wiki/Karl_Kling
649,birger,\N,\N,Pablo,Birger,8773,Argentine,Argentina,http://en.wikipedia.org/wiki/Pablo_Birger
650,pollet,\N,\N,Jacques,Pollet,8219,French,France,http://en.wikipedia.org/wiki/Jacques_Pollet
651,macklin,\N,\N,Lance,Macklin,7185,British,United Kingdom,http://en.wikipedia.org/wiki/Lance_Macklin
652,whiteaway,\N,\N,Ted,Whiteaway,10533,British,United Kingdom,http://en.wikipedia.org/wiki/Ted_Whiteaway
653,davies,\N,\N,Jimmy,Davies,10813,American,United States ,http://en.wikipedia.org/wiki/Jimmy_Davies
654,faulkner,\N,\N,Walt,Faulkner,7352,American,United States ,http://en.wikipedia.org/wiki/Walt_Faulkner
655,niday,\N,\N,Cal,Niday,5233,American,United States ,http://en.wikipedia.org/wiki/Cal_Niday
656,cross,\N,\N,Art,Cross,6599,American,United States ,http://en.wikipedia.org/wiki/Art_Cross
657,vukovich,\N,\N,Bill,Vukovich,6922,American,United States ,http://en.wikipedia.org/wiki/Bill_Vukovich
658,mcgrath,\N,\N,Jack,McGrath,7221,American,United States ,http://en.wikipedia.org/wiki/Jack_McGrath_(racing_driver)
659,hoyt,\N,\N,Jerry,Hoyt,10622,American,United States ,http://en.wikipedia.org/wiki/Jerry_Hoyt
660,claes,\N,\N,Johnny,Claes,6068,Belgian,Belgium,http://en.wikipedia.org/wiki/Johnny_Claes
661,peter_walker,\N,\N,Peter,Walker,4664,British,United Kingdom,http://en.wikipedia.org/wiki/Peter_Walker_(driver)
662,sparken,\N,\N,Mike,Sparken,11125,French,France,http://en.wikipedia.org/wiki/Mike_Sparken
663,wharton,\N,\N,Ken,Wharton,5925,British,United Kingdom,http://en.wikipedia.org/wiki/Ken_Wharton
664,mcalpine,\N,\N,Kenneth,McAlpine,7570,British,United Kingdom,http://en.wikipedia.org/wiki/Kenneth_McAlpine
665,marr,\N,\N,Leslie,Marr,8262,British,United Kingdom,http://en.wikipedia.org/wiki/Leslie_Marr
666,rolt,\N,\N,Tony,Rolt,6864,British,United Kingdom,http://en.wikipedia.org/wiki/Tony_Rolt
667,fitch,\N,\N,John,Fitch,6426,American,United States ,http://en.wikipedia.org/wiki/John_Fitch_(driver)
668,lucas,\N,\N,Jean,Lucas,6325,French,France,http://en.wikipedia.org/wiki/Jean_Lucas
669,bira,\N,\N,Prince,Bira,5310,Thai,Thailand,http://en.wikipedia.org/wiki/Prince_Bira
670,marimon,\N,\N,Onofre,Marimón,8754,Argentine,Argentina,http://en.wikipedia.org/wiki/Onofre_Marim%C3%B3n
671,loyer,\N,\N,Roger,Loyer,2774,French,France,http://en.wikipedia.org/wiki/Roger_Loyer
672,daponte,\N,\N,Jorge,Daponte,8557,Argentine,Argentina,http://en.wikipedia.org/wiki/Jorge_Daponte
673,nazaruk,\N,\N,Mike,Nazaruk,7946,American,United States ,http://en.wikipedia.org/wiki/Mike_Nazaruk
674,crockett,\N,\N,Larry,Crockett,9793,American,United States ,http://en.wikipedia.org/wiki/Larry_Crockett
675,ayulo,\N,\N,Manny,Ayulo,7964,American,United States ,http://en.wikipedia.org/wiki/Manny_Ayulo
676,armi,\N,\N,Frank,Armi,6860,American,United States ,http://en.wikipedia.org/wiki/Frank_Armi
677,webb,\N,\N,Travis,Webb,3934,American,United States ,http://en.wikipedia.org/wiki/Travis_Webb
678,duncan,\N,\N,Len,Duncan,4224,American,United States ,http://en.wikipedia.org/wiki/Len_Duncan
679,mccoy,\N,\N,Ernie,McCoy,7721,American,United States ,http://en.wikipedia.org/wiki/Ernie_McCoy
680,swaters,\N,\N,Jacques,Swaters,9800,American,United States ,http://en.wikipedia.org/wiki/Jacques_Swaters
681,georges_berger,\N,\N,Georges,Berger,6832,Belgian,Belgium,http://en.wikipedia.org/wiki/Georges_Berger
682,beauman,\N,\N,Don,Beauman,10435,British,United Kingdom,http://en.wikipedia.org/wiki/Don_Beauman
683,thorne,\N,\N,Leslie,Thorne,6019,British,United Kingdom,http://en.wikipedia.org/wiki/Leslie_Thorne
684,whitehouse,\N,\N,Bill,Whitehouse,3379,British,United Kingdom,http://en.wikipedia.org/wiki/Bill_Whitehouse
685,riseley_prichard,\N,\N,John,Riseley-Prichard,8783,British,United Kingdom,http://en.wikipedia.org/wiki/John_Riseley-Prichard
686,reg_parnell,\N,\N,Reg,Parnell,4201,British,United Kingdom,http://en.wikipedia.org/wiki/Reg_Parnell
687,whitehead,\N,\N,Peter,Whitehead,5430,British,United Kingdom,http://en.wikipedia.org/wiki/Peter_Whitehead_(racing_driver)
688,brandon,\N,\N,Eric,Brandon,7505,British,United Kingdom,http://en.wikipedia.org/wiki/Eric_Brandon
689,alan_brown,\N,\N,Alan,Brown,7264,British,United Kingdom,http://en.wikipedia.org/wiki/Alan_Brown_(racing_driver)
690,nuckey,\N,\N,Rodney,Nuckey,10770,British,United Kingdom,http://en.wikipedia.org/wiki/Rodney_Nuckey
691,lang,\N,\N,Hermann,Lang,3384,German,Germany,http://en.wikipedia.org/wiki/Hermann_Lang
692,helfrich,\N,\N,Theo,Helfrich,4882,German,Germany,http://en.wikipedia.org/wiki/Theo_Helfrich
693,wacker,\N,\N,Fred,Wacker,6766,American,United States ,http://en.wikipedia.org/wiki/Fred_Wacker
694,riu,\N,\N,Giovanni,de Riu,9201,Italian,Italy,http://en.wikipedia.org/wiki/Giovanni_de_Riu
695,galvez,\N,\N,Oscar,Gálvez,4978,Argentine,Argentina,http://en.wikipedia.org/wiki/%C3%93scar_Alfredo_G%C3%A1lvez
696,john_barber,\N,\N,John,Barber,10796,British,United Kingdom,http://en.wikipedia.org/wiki/John_Barber_(racing_driver)
697,bonetto,\N,\N,Felice,Bonetto,1256,Italian,Italy,http://en.wikipedia.org/wiki/Felice_Bonetto
698,cruz,\N,\N,Adolfo,Cruz,8580,Argentine,Argentina,http://en.wikipedia.org/wiki/Adolfo_Schewelm_Cruz
699,nalon,\N,\N,Duke,Nalon,4810,American,United States ,http://en.wikipedia.org/wiki/Duke_Nalon
700,scarborough,\N,\N,Carl,Scarborough,5298,American,United States ,http://en.wikipedia.org/wiki/Carl_Scarborough
701,holland,\N,\N,Bill,Holland,2909,American,United States ,http://en.wikipedia.org/wiki/Bill_Holland
702,bob_scott,\N,\N,Bob,Scott,10505,American,United States ,http://en.wikipedia.org/wiki/Bob_Scott_(auto_racer)
703,legat,\N,\N,Arthur,Legat,1898-11-01,Belgian,Belgium,http://en.wikipedia.org/wiki/Arthur_Legat
704,cabantous,\N,\N,Yves,Cabantous,1743,French,France,http://en.wikipedia.org/wiki/Yves_Giraud_Cabantous
705,crook,\N,\N,Tony,Crook,7352,British,United Kingdom,http://en.wikipedia.org/wiki/Tony_Crook
706,jimmy_stewart,\N,\N,Jimmy,Stewart,11388,British,United Kingdom,http://en.wikipedia.org/wiki/Jimmy_Stewart_(racing_driver)
707,ian_stewart,\N,\N,Ian,Stewart,10789,British,United Kingdom,http://en.wikipedia.org/wiki/Ian_Stewart_(racing_driver)
708,duncan_hamilton,\N,\N,Duncan,Hamilton,7426,British,United Kingdom,http://en.wikipedia.org/wiki/Duncan_Hamilton_(racing_driver)
709,klodwig,\N,\N,Ernst,Klodwig,1239,German,Germany,http://en.wikipedia.org/wiki/Ernst_Klodwig
710,krause,\N,\N,Rudolf,Krause,2646,German,Germany,http://en.wikipedia.org/wiki/Rudolf_Krause
711,karch,\N,\N,Oswald,Karch,6275,German,Germany,http://en.wikipedia.org/wiki/Oswald_Karch
712,heeks,\N,\N,Willi,Heeks,8080,German,Germany,http://en.wikipedia.org/wiki/Willi_Heeks
713,fitzau,\N,\N,Theo,Fitzau,8442,German,Germany,http://en.wikipedia.org/wiki/Theo_Fitzau
714,adolff,\N,\N,Kurt,Adolff,7980,German,Germany,http://en.wikipedia.org/wiki/Kurt_Adolff
715,bechem,\N,\N,Günther,Bechem,8026,German,Germany,http://en.wikipedia.org/wiki/G%C3%BCnther_Bechem
716,bauer,\N,\N,Erwin,Bauer,4582,German,Germany,http://en.wikipedia.org/wiki/Erwin_Bauer
717,hans_stuck,\N,\N,Hans,von Stuck,362,German,Germany,http://en.wikipedia.org/wiki/Hans_Von_Stuck
718,loof,\N,\N,Ernst,Loof,2742,German,Germany,http://en.wikipedia.org/wiki/Ernst_Loof
719,scherrer,\N,\N,Albert,Scherrer,2981,Swiss,Switzerland,http://en.wikipedia.org/wiki/Albert_Scherrer
720,terra,\N,\N,Max,de Terra,6854,Swiss,Switzerland,http://en.wikipedia.org/wiki/Max_de_Terra
721,hirt,\N,\N,Peter,Hirt,3742,Swiss,Switzerland,http://en.wikipedia.org/wiki/Peter_Hirt
722,carini,\N,\N,Piero,Carini,7736,Italian,Italy,http://en.wikipedia.org/wiki/Piero_Carini
723,fischer,\N,\N,Rudi,Fischer,4493,Swiss,Switzerland,http://en.wikipedia.org/wiki/Rudi_Fischer
724,ulmen,\N,\N,Toni,Ulmen,2217,German,Germany,http://en.wikipedia.org/wiki/Toni_Ulmen
725,abecassis,\N,\N,George,Abecassis,4829,British,United Kingdom,http://en.wikipedia.org/wiki/George_Abecassis
726,george_connor,\N,\N,George,Connor,2420,American,United States ,http://en.wikipedia.org/wiki/George_Connor_(driver)
727,rigsby,\N,\N,Jim,Rigsby,8558,American,United States ,http://en.wikipedia.org/wiki/Jim_Rigsby
728,james,\N,\N,Joe,James,9275,American,United States ,http://en.wikipedia.org/wiki/Joe_James_(racing_driver)
729,schindler,\N,\N,Bill,Schindler,3353,American,United States ,http://en.wikipedia.org/wiki/Bill_Schindler
730,fonder,\N,\N,George,Fonder,6383,American,United States ,http://en.wikipedia.org/wiki/George_Fonder
731,banks,\N,\N,Henry,Banks,4914,American,United States ,http://en.wikipedia.org/wiki/Henry_Banks
732,mcdowell,\N,\N,Johnny,McDowell,5508,American,United States ,http://en.wikipedia.org/wiki/Johnny_McDowell
733,miller,\N,\N,Chet,Miller,931,American,United States ,http://en.wikipedia.org/wiki/Chet_Miller
734,ball,\N,\N,Bobby,Ball,9370,American,United States ,http://en.wikipedia.org/wiki/Bobby_Ball_(auto_racer)
735,tornaco,\N,\N,Charles,de Tornaco,10020,Belgian,Belgium,http://en.wikipedia.org/wiki/Charles_de_Tornaco
736,laurent,\N,\N,Roger,Laurent,4801,Belgian,Belgium,http://en.wikipedia.org/wiki/Roger_Laurent
737,obrien,\N,\N,Robert,O'Brien,3024,American,United States ,http://en.wikipedia.org/wiki/Robert_O%27Brien_(auto_racer)
738,gaze,\N,\N,Tony,Gaze,7339,Australian,Australia,http://en.wikipedia.org/wiki/Tony_Gaze
739,charrington,\N,\N,Robin,Montgomerie-Charrington,5653,British,United Kingdom,http://en.wikipedia.org/wiki/Robin_Montgomerie-Charrington
740,comotti,\N,\N,Franco,Comotti,2397,Italian,Italy,http://en.wikipedia.org/wiki/Franco_Comotti
741,etancelin,\N,\N,Philippe,Étancelin,1896-12-28,French,France,http://en.wikipedia.org/wiki/Philippe_%C3%89tancelin
742,poore,\N,\N,Dennis,Poore,6076,British,United Kingdom,http://en.wikipedia.org/wiki/Dennis_Poore
743,thompson,\N,\N,Eric,Thompson,7248,British,United Kingdom,http://en.wikipedia.org/wiki/Eric_Thompson_(racing_driver)
744,downing,\N,\N,Ken,Downing,6549,British,United Kingdom,http://en.wikipedia.org/wiki/Ken_Downing
745,graham_whitehead,\N,\N,Graham,Whitehead,8141,British,United Kingdom,http://en.wikipedia.org/wiki/Graham_Whitehead
746,bianco,\N,\N,Gino,Bianco,6048,Brazilian,Brazil,http://en.wikipedia.org/wiki/Gino_Bianco
747,murray,\N,\N,David,Murray,3650,British,United Kingdom,http://en.wikipedia.org/wiki/David_Murray_(driver)
748,cantoni,\N,\N,Eitel,Cantoni,2469,Uruguayan,Uruguay,http://en.wikipedia.org/wiki/Eitel_Cantoni
749,aston,\N,\N,Bill,Aston,89,British,United Kingdom,http://en.wikipedia.org/wiki/Bill_Aston
750,brudes,\N,\N,Adolf,Brudes,1899-10-15,German,Germany,http://en.wikipedia.org/wiki/Adolf_Brudes
751,riess,\N,\N,Fritz,Riess,8228,German,Germany,http://en.wikipedia.org/wiki/Fritz_Riess
752,niedermayr,\N,\N,Helmut,Niedermayr,5812,German,Germany,http://en.wikipedia.org/wiki/Helmut_Niedermayr
753,klenk,\N,\N,Hans,Klenk,7241,German,Germany,http://en.wikipedia.org/wiki/Hans_Klenk
754,balsa,\N,\N,Marcel,Balsa,3289,French,France,http://en.wikipedia.org/wiki/Marcel_Balsa
755,schoeller,\N,\N,Rudolf,Schoeller,848,Swiss,Switzerland,http://en.wikipedia.org/wiki/Rudolf_Schoeller
756,pietsch,\N,\N,Paul,Pietsch,4189,German,Germany,http://en.wikipedia.org/wiki/Paul_Pietsch
757,peters,\N,\N,Josef,Peters,5373,German,Germany,http://en.wikipedia.org/wiki/Josef_Peters_(driver)
758,lof,\N,\N,Dries,van der Lof,7175,Dutch,Netherlands,http://en.wikipedia.org/wiki/Dries_van_der_Lof
759,flinterman,\N,\N,Jan,Flinterman,7215,Dutch,Netherlands,http://en.wikipedia.org/wiki/Jan_Flinterman
760,dusio,\N,\N,Piero,Dusio,1899-10-13,Italian,Italy,http://en.wikipedia.org/wiki/Piero_Dusio
761,crespo,\N,\N,Alberto,Crespo,7321,Argentine,Argentina,http://en.wikipedia.org/wiki/Alberto_Crespo
762,rol,\N,\N,Franco,Rol,3079,Italian,Italy,http://en.wikipedia.org/wiki/Franco_Rol
763,sanesi,\N,\N,Consalvo,Sanesi,4105,Italian,Italy,http://en.wikipedia.org/wiki/Consalvo_Sanesi
764,guy_mairesse,\N,\N,Guy,Mairesse,3875,French,France,http://en.wikipedia.org/wiki/Guy_Mairesse
765,louveau,\N,\N,Henri,Louveau,3678,French,France,http://en.wikipedia.org/wiki/Henri_Louveau
766,wallard,\N,\N,Lee,Wallard,3903,American,United States ,http://en.wikipedia.org/wiki/Lee_Wallard
767,forberg,\N,\N,Carl,Forberg,4081,American,United States ,http://en.wikipedia.org/wiki/Carl_Forberg
768,rose,\N,\N,Mauri,Rose,2338,American,United States ,http://en.wikipedia.org/wiki/Mauri_Rose
769,mackey,\N,\N,Bill,Mackey,10211,American,United States ,http://en.wikipedia.org/wiki/Bill_Mackey
770,green,\N,\N,Cecil,Green,7213,American,United States ,http://en.wikipedia.org/wiki/Cecil_Green
771,walt_brown,\N,\N,Walt,Brown,4382,American,United States ,http://en.wikipedia.org/wiki/Walt_Brown_(auto_racer)
772,hellings,\N,\N,Mack,Hellings,5736,American,United States ,http://en.wikipedia.org/wiki/Mack_Hellings
773,levegh,\N,\N,Pierre,Levegh,2183,French,France,http://en.wikipedia.org/wiki/Pierre_Levegh
774,chaboud,\N,\N,Eugène,Chaboud,2659,French,France,http://en.wikipedia.org/wiki/Eug%C3%A8ne_Chaboud
775,gordini,\N,\N,Aldo,Gordini,7811,French,France,http://en.wikipedia.org/wiki/Aldo_Gordini
776,kelly,\N,\N,Joe,Kelly,4821,Irish,Ireland,http://en.wikipedia.org/wiki/Joe_Kelly_(Formula_One)
777,parker,\N,\N,Philip,Fotheringham-Parker,2822,British,United Kingdom,http://en.wikipedia.org/wiki/Philip_Fotheringham-Parker
778,shawe_taylor,\N,\N,Brian,Shawe Taylor,5507,British,United Kingdom,http://en.wikipedia.org/wiki/Brian_Shawe_Taylor
779,john_james,\N,\N,John,James,5244,British,United Kingdom,http://en.wikipedia.org/wiki/John_James_(auto_racer)
780,branca,\N,\N,Toni,Branca,6103,Swiss,Switzerland,http://en.wikipedia.org/wiki/Toni_Branca
781,richardson,\N,\N,Ken,Richardson,4251,British,United Kingdom,http://en.wikipedia.org/wiki/Ken_Richardson_(race_car_driver)
782,jover,\N,\N,Juan,Jover,1423,Spanish,Spain,http://en.wikipedia.org/wiki/Juan_Jover
783,grignard,\N,\N,Georges,Grignard,2033,French,France,http://en.wikipedia.org/wiki/Georges_Grignard
784,hampshire,\N,\N,David,Hampshire,6573,British,United Kingdom,http://en.wikipedia.org/wiki/David_Hampshire
785,crossley,\N,\N,Geoff,Crossley,7802,British,United Kingdom,http://en.wikipedia.org/wiki/Geoff_Crossley
786,fagioli,\N,\N,Luigi,Fagioli,1898-06-09,Italian,Italy,http://en.wikipedia.org/wiki/Luigi_Fagioli
787,harrison,\N,\N,Cuth,Harrison,2379,British,United Kingdom,http://en.wikipedia.org/wiki/Cuth_Harrison
788,fry,\N,\N,Joe,Fry,5778,British,United Kingdom,http://en.wikipedia.org/wiki/Joe_Fry
789,martin,\N,\N,Eugène,Martin,5562,French,France,http://en.wikipedia.org/wiki/Eug%C3%A8ne_Martin
790,leslie_johnson,\N,\N,Leslie,Johnson,4465,British,United Kingdom,http://en.wikipedia.org/wiki/Leslie_Johnson_(racing_driver)
791,biondetti,\N,\N,Clemente,Biondetti,1898-08-18,Italian,Italy,http://en.wikipedia.org/wiki/Clemente_Biondetti
792,pian,\N,\N,Alfredo,Pián,4678,Argentine,Argentina,http://en.wikipedia.org/wiki/Alfredo_Pi%C3%A0n
793,sommer,\N,\N,Raymond,Sommer,2435,French,France,http://en.wikipedia.org/wiki/Raymond_Sommer
794,chitwood,\N,\N,Joie,Chitwood,4488,American,United States ,http://en.wikipedia.org/wiki/Joie_Chitwood
795,fohr,\N,\N,Myron,Fohr,4552,American,United States ,http://en.wikipedia.org/wiki/Myron_Fohr
796,ader,\N,\N,Walt,Ader,5098,American,United States ,http://en.wikipedia.org/wiki/Walt_Ader
797,holmes,\N,\N,Jackie,Holmes,7553,American,United States ,http://en.wikipedia.org/wiki/Jackie_Holmes
798,levrett,\N,\N,Bayliss,Levrett,5159,American,United States ,http://en.wikipedia.org/wiki/Bayliss_Levrett
799,jackson,\N,\N,Jimmy,Jackson,3859,American,United States ,http://en.wikipedia.org/wiki/Jimmy_Jackson_(driver)
800,pagani,\N,\N,Nello,Pagani,4302,Italian,Italy,http://en.wikipedia.org/wiki/Nello_Pagani
801,pozzi,\N,\N,Charles,Pozzi,3527,French,France,http://en.wikipedia.org/wiki/Charles_Pozzi
802,serafini,\N,\N,Dorino,Serafini,3491,Italian,Italy,http://en.wikipedia.org/wiki/Dorino_Serafini
803,cantrell,\N,\N,Bill,Cantrell,2953,American,United States ,http://en.wikipedia.org/wiki/William_Cantrell
804,mantz,\N,\N,Johnny,Mantz,6836,American,United States ,http://en.wikipedia.org/wiki/Johnny_Mantz
805,kladis,\N,\N,Danny,Kladis,6251,American,United States ,http://en.wikipedia.org/wiki/Danny_Kladis
806,oscar_gonzalez,\N,\N,Óscar,González,8715,Uruguayan,Uruguay,http://en.wikipedia.org/wiki/Oscar_Gonz%C3%A1lez_(racing_driver)
807,hulkenberg,27,HUL,Nico,Hülkenberg,32008,German,Germany,http://en.wikipedia.org/wiki/Nico_H%C3%BClkenberg
808,petrov,\N,PET,Vitaly,Petrov,30933,Russian,Russian Federation,http://en.wikipedia.org/wiki/Vitaly_Petrov
810,grassi,\N,DIG,Lucas,di Grassi,30905,Brazilian,Brazil,http://en.wikipedia.org/wiki/Lucas_di_Grassi
811,bruno_senna,\N,SEN,Bruno,Senna,30604,Brazilian,Brazil,http://en.wikipedia.org/wiki/Bruno_Senna
812,chandhok,\N,CHA,Karun,Chandhok,30700,Indian,India,http://en.wikipedia.org/wiki/Karun_Chandhok
813,maldonado,13,MAL,Pastor,Maldonado,31115,Venezuelan,Venezuela,http://en.wikipedia.org/wiki/Pastor_Maldonado
814,resta,\N,DIR,Paul,di Resta,31518,British,United Kingdom,http://en.wikipedia.org/wiki/Paul_di_Resta
815,perez,11,PER,Sergio,Pérez,32899,Mexican,Mexico,http://en.wikipedia.org/wiki/Sergio_P%C3%A9rez
816,ambrosio,\N,DAM,Jérôme,d'Ambrosio,31408,Belgian,Belgium,http://en.wikipedia.org/wiki/J%C3%A9r%C3%B4me_d%27Ambrosio
817,ricciardo,3,RIC,Daniel,Ricciardo,32690,Australian,Australia,http://en.wikipedia.org/wiki/Daniel_Ricciardo
818,vergne,25,VER,Jean-Éric,Vergne,32988,French,France,http://en.wikipedia.org/wiki/Jean-%C3%89ric_Vergne
819,pic,\N,PIC,Charles,Pic,32919,French,France,http://en.wikipedia.org/wiki/Charles_Pic
820,chilton,4,CHI,Max,Chilton,33349,British,United Kingdom,http://en.wikipedia.org/wiki/Max_Chilton
821,gutierrez,21,GUT,Esteban,Gutiérrez,33455,Mexican,Mexico,http://en.wikipedia.org/wiki/Esteban_Guti%C3%A9rrez
822,bottas,77,BOT,Valtteri,Bottas,32748,Finnish,Finland,http://en.wikipedia.org/wiki/Valtteri_Bottas
823,garde,\N,VDG,Giedo,van der Garde,31162,Dutch,Netherlands,http://en.wikipedia.org/wiki/Giedo_van_der_Garde
824,jules_bianchi,17,BIA,Jules,Bianchi,32723,French,France,http://en.wikipedia.org/wiki/Jules_Bianchi
825,kevin_magnussen,20,MAG,Kevin,Magnussen,33882,Danish,Denmark,http://en.wikipedia.org/wiki/Kevin_Magnussen
826,kvyat,26,KVY,Daniil,Kvyat,34450,Russian,Russian Federation,http://en.wikipedia.org/wiki/Daniil_Kvyat
827,lotterer,45,LOT,André,Lotterer,29909,German,Germany,http://en.wikipedia.org/wiki/Andr%C3%A9_Lotterer
828,ericsson,9,ERI,Marcus,Ericsson,33118,Swedish,Sweden,http://en.wikipedia.org/wiki/Marcus_Ericsson
829,stevens,28,STE,Will,Stevens,33417,British,United Kingdom,http://en.wikipedia.org/wiki/Will_Stevens
830,max_verstappen,33,VER,Max,Verstappen,35703,Dutch,Netherlands,http://en.wikipedia.org/wiki/Max_Verstappen
831,nasr,12,NAS,Felipe,Nasr,33837,Brazilian,Brazil,http://en.wikipedia.org/wiki/Felipe_Nasr
832,sainz,55,SAI,Carlos,Sainz,34578,Spanish,Spain,http://en.wikipedia.org/wiki/Carlos_Sainz_Jr.
833,merhi,98,MER,Roberto,Merhi,33319,Spanish,Spain,http://en.wikipedia.org/wiki/Roberto_Merhi
834,rossi,53,RSS,Alexander,Rossi,33506,American,United States ,http://en.wikipedia.org/wiki/Alexander_Rossi_%28racing_driver%29
835,jolyon_palmer,30,PAL,Jolyon,Palmer,33258,British,United Kingdom,http://en.wikipedia.org/wiki/Jolyon_Palmer
836,wehrlein,94,WEH,Pascal,Wehrlein,34625,German,Germany,http://en.wikipedia.org/wiki/Pascal_Wehrlein
837,haryanto,88,HAR,Rio,Haryanto,33991,Indonesian,Indonesia,http://en.wikipedia.org/wiki/Rio_Haryanto
838,vandoorne,2,VAN,Stoffel,Vandoorne,33689,Belgian,Belgium,http://en.wikipedia.org/wiki/Stoffel_Vandoorne
839,ocon,31,OCO,Esteban,Ocon,35325,French,France,http://en.wikipedia.org/wiki/Esteban_Ocon
840,stroll,18,STR,Lance,Stroll,36097,Canadian,Canada,http://en.wikipedia.org/wiki/Lance_Stroll
841,giovinazzi,99,GIO,Antonio,Giovinazzi,34317,Italian,Italy,http://en.wikipedia.org/wiki/Antonio_Giovinazzi
843,brendon_hartley,28,HAR,Brendon,Hartley,32822,New Zealander,New Zealand,http://en.wikipedia.org/wiki/Brendon_Hartley
844,leclerc,16,LEC,Charles,Leclerc,35719,Monegasque,Monaco,http://en.wikipedia.org/wiki/Charles_Leclerc
845,sirotkin,35,SIR,Sergey,Sirotkin,34938,Russian,Russian Federation,http://en.wikipedia.org/wiki/Sergey_Sirotkin_(racing_driver)
846,norris,4,NOR,Lando,Norris,36477,British,United Kingdom,http://en.wikipedia.org/wiki/Lando_Norris
847,russell,63,RUS,George,Russell,35841,British,United Kingdom,http://en.wikipedia.org/wiki/George_Russell_%28racing_driver%29
848,albon,23,ALB,Alexander,Albon,35147,Thai,Thailand,http://en.wikipedia.org/wiki/Alexander_Albon
849,latifi,6,LAT,Nicholas,Latifi,34879,Canadian,Canada,http://en.wikipedia.org/wiki/Nicholas_Latifi
850,pietro_fittipaldi,51,FIT,Pietro,Fittipaldi,35241,Brazilian,Brazil,http://en.wikipedia.org/wiki/Pietro_Fittipaldi
851,aitken,89,AIT,Jack,Aitken,34965,British,United Kingdom,http://en.wikipedia.org/wiki/Jack_Aitken
852,tsunoda,22,TSU,Yuki,Tsunoda,36657,Japanese,Japan,http://en.wikipedia.org/wiki/Yuki_Tsunoda
853,mazepin,9,MAZ,Nikita,Mazepin,36221,Russian,Russian Federation,http://en.wikipedia.org/wiki/Nikita_Mazepin
854,mick_schumacher,47,MSC,Mick,Schumacher,36241,German,Germany,http://en.wikipedia.org/wiki/Mick_Schumacher
